Unnamed: 0,Age,Sex,Job,Housing,Saving accounts,Checking account,Credit amount,Duration,Purpose,Risk,Credit_amount_log
0,1.0,male,2,own,little,little,0.12040812984162858,0.05263157894736842,radio/TV,good,7.064759027791802
1,0.06593406593406598,female,2,own,little,moderate,0.7469496716290801,0.9999999999999999,radio/TV,bad,8.691482576512929
2,0.6593406593406594,male,1,own,little,little,0.24186442621071422,0.21052631578947367,education,good,7.64826303090192
3,0.5714285714285714,male,2,free,little,little,0.9999508671940254,0.9999999999999999,furniture/equipment,good,8.972463821059907
4,0.7472527472527473,male,2,free,little,little,0.6053161696064463,0.5263157894736842,car,bad,8.491054533806542
5,0.3516483516483517,male,1,free,little,little,1.0,0.8421052631578947,education,good,8.972511390650263
6,0.7472527472527473,male,2,own,quite rich,little,0.33868880918455924,0.5263157894736842,furniture/equipment,good,7.950149887652018
7,0.3516483516483517,male,3,rent,little,moderate,0.8775774251134149,0.8421052631578947,car,good,8.846353043314327
8,0.9230769230769231,male,1,own,rich,little,0.36803747195335657,0.21052631578947367,radio/TV,good,8.026170194946426
9,0.19780219780219782,male,3,own,little,moderate,0.653007746605742,0.6842105263157895,car,bad,8.563122123304638
10,0.1318681318681319,female,2,rent,little,moderate,0.13691675264907713,0.21052631578947367,car,bad,7.16703787691222
11,0.10989010989010989,female,2,rent,little,little,0.5316824710525885,0.9999999999999999,business,bad,8.368461137615839
12,0.06593406593406598,female,2,own,little,moderate,0.1725544145826168,0.21052631578947367,radio/TV,good,7.357556200910353
13,0.9010989010989012,male,1,own,little,little,0.12433875431959251,0.5263157894736842,car,bad,7.090076835776092
14,0.19780219780219782,female,2,rent,little,little,0.1510670007697473,0.2894736842105263,car,good,7.247080584585756
15,0.28571428571428575,female,1,own,moderate,little,0.1352134820419594,0.5263157894736842,radio/TV,bad,7.1569563646156364
16,0.7472527472527473,male,2,own,little,little,0.28483925383645325,0.5263157894736842,radio/TV,good,7.793586803371584
17,0.1318681318681319,male,2,own,little,little,1.0,0.6842105263157895,business,good,8.972511390650263
18,0.5494505494505495,female,3,free,little,moderate,1.0,0.5263157894736842,car,bad,8.972511390650263
19,0.26373626373626374,male,2,own,quite rich,little,0.4166461946641773,0.5263157894736842,radio/TV,good,8.14060704285845
20,0.6373626373626373,male,2,own,little,little,0.2468432172161352,0.13157894736842105,car,good,7.666221925662725
21,0.5494505494505495,male,2,rent,quite rich,little,0.3140568957893185,0.05263157894736842,radio/TV,good,7.881559917056899
22,0.6373626373626373,male,1,rent,little,little,0.26086244452087326,0.15789473684210525,car,good,7.715123603632105
23,0.5494505494505495,male,2,own,moderate,moderate,0.2036063479585319,0.21052631578947367,car,good,7.498315870766981
24,0.1538461538461539,male,2,own,little,little,0.2383268641805467,0.15789473684210525,furniture/equipment,good,7.635303886259415
25,0.3736263736263737,male,1,own,little,little,0.1472673971077155,0.05263157894736842,furniture/equipment,good,7.226209010100671
26,0.4395604395604396,male,1,own,little,little,0.023059663604055092,0.05263157894736842,radio/TV,good,6.056784013228625
27,0.5054945054945055,female,2,rent,rich,rich,0.020832309733208862,0.21052631578947367,radio/TV,good,6.016157159698354
28,0.32967032967032966,male,2,own,little,moderate,0.2836600664930641,0.07894736842105263,radio/TV,good,7.789868559054706
29,0.9670329670329672,male,2,own,little,little,0.8629030937290162,0.9999999999999999,business,bad,8.830104317913793
30,0.3736263736263737,male,2,own,rich,moderate,0.21788761689513422,0.3684210526315789,business,good,7.5569505720129
31,0.1758241758241758,male,2,own,little,little,0.4939484760641347,0.5263157894736842,furniture/equipment,good,8.299285906897275
32,0.24175824175824184,male,2,own,moderate,moderate,0.735812902274849,0.3684210526315789,car,good,8.67709870892586
33,0.8351648351648351,male,1,rent,little,little,0.13285510735518105,0.21052631578947367,business,good,7.142827401161621
34,0.30769230769230776,female,3,own,little,rich,0.1603694787009286,0.21052631578947367,furniture/equipment,good,7.29641326877392
35,0.1318681318681319,male,1,own,little,moderate,0.589069588430862,0.9999999999999999,radio/TV,bad,8.465268118551318
36,0.26373626373626374,male,2,free,little,little,0.7677819813622889,0.9999999999999999,education,good,8.717845704894916
37,0.3956043956043957,male,2,own,little,rich,0.24238850947444276,0.3684210526315789,radio/TV,bad,7.650168700845001
38,0.3956043956043957,male,2,own,little,rich,0.12774529553382794,0.15789473684210525,domestic appliances,good,7.111512116496157
39,0.10989010989010989,male,2,own,little,moderate,0.02725232971388329,0.13157894736842105,radio/TV,good,6.129050210060545
40,0.24175824175824184,male,3,own,quite rich,little,0.2729163595866293,0.6842105263157895,radio/TV,good,7.755338812846501
41,0.1538461538461539,male,2,own,quite rich,moderate,0.11896690086637515,0.21052631578947367,radio/TV,good,7.055312843339752
42,0.5494505494505495,male,1,own,little,moderate,0.7800979380599092,0.3684210526315789,repairs,good,8.733110697638708
43,0.10989010989010989,male,2,rent,moderate,little,0.7778705841890631,0.6842105263157895,car,good,8.730367211692958
44,0.8571428571428572,female,1,free,little,little,0.7721056682880493,0.9999999999999999,car,bad,8.723231274827508
45,0.3516483516483517,female,3,own,little,little,0.149756792610426,0.1842105263157895,car,good,7.2399325913204695
46,0.4395604395604396,male,2,own,quite rich,little,0.26846165184493687,0.8421052631578947,radio/TV,good,7.7406644019172415
47,0.08791208791208799,female,0,rent,quite rich,little,0.1443849391572086,0.05263157894736842,car,good,7.210079628170788
48,0.4395604395604396,male,1,own,little,little,0.9142632535744116,0.1842105263157895,car,good,8.885855993000296
49,0.19780219780219782,female,2,own,moderate,little,0.23885094744427518,0.21052631578947367,radio/TV,good,7.637234388789473
50,0.21978021978021983,male,1,own,little,moderate,0.2729163595866293,0.5263157894736842,furniture/equipment,good,7.755338812846501
51,0.24175824175824184,male,3,own,little,moderate,0.7487839630521299,0.6052631578947368,car,good,8.693831965074693
52,0.1318681318681319,male,2,own,little,little,0.13259306572331678,0.21052631578947367,radio/TV,good,7.141245122350491
53,0.26373626373626374,male,2,own,little,little,0.4098331122357064,0.3684210526315789,car,good,8.12533508671429
54,0.8351648351648351,male,2,free,little,moderate,0.2587661114659592,0.8421052631578947,car,bad,7.70796153183549
55,0.1538461538461539,male,1,own,little,little,0.06983409489182593,0.05263157894736842,car,good,6.664409020350408
56,0.7252747252747254,male,3,own,little,moderate,0.8146874334659919,0.21052631578947367,radio/TV,bad,8.774776816043985
57,0.26373626373626374,female,2,own,little,little,1.0,0.8421052631578947,radio/TV,good,8.972511390650263
58,0.08791208791208799,female,3,own,little,rich,0.22417661605987652,0.3684210526315789,car,good,7.581719640125308
59,0.08791208791208799,female,1,rent,little,little,0.7833734584582126,0.8421052631578947,furniture/equipment,bad,8.737131611781498
60,0.1758241758241758,male,2,own,little,moderate,0.1494947509785617,0.13157894736842105,business,good,7.238496840894365
61,0.6813186813186813,male,2,own,little,moderate,0.16862379010465287,0.2894736842105263,radio/TV,good,7.338238150065589
62,0.9230769230769231,male,3,free,little,moderate,0.22312844953241948,0.8421052631578947,business,bad,7.577633832602728
63,0.1318681318681319,male,2,own,little,moderate,1.0,0.9999999999999999,business,bad,8.972511390650263
64,0.1538461538461539,female,2,own,little,little,0.3840220114970766,0.5263157894736842,radio/TV,good,8.065265208897733
65,0.6373626373626373,male,2,own,little,little,0.6472428307047282,0.6052631578947368,repairs,good,8.55468163582723
66,0.21978021978021983,female,2,own,little,little,0.251690987405624,0.21052631578947367,radio/TV,good,7.683403681053826
67,0.06593406593406598,male,2,own,rich,moderate,0.09918275766062332,0.21052631578947367,car,good,6.915723448631314
68,0.3956043956043957,male,2,free,little,little,0.20557166019751388,0.8421052631578947,education,bad,7.506591780070841
69,0.1318681318681319,female,2,own,little,little,0.28090862935848937,0.8421052631578947,radio/TV,good,7.781138509845015
70,0.24175824175824184,female,2,own,little,little,1.0,0.8421052631578947,car,good,8.972511390650263
71,0.5934065934065935,male,1,rent,little,little,0.06288999164742298,0.07894736842105263,radio/TV,good,6.594413459749778
72,0.7032967032967032,male,3,free,little,little,0.11975302576196792,0.10526315789473684,vacation/others,good,7.060476365999801
73,0.4835164835164835,female,1,own,little,moderate,0.7473427340768765,0.9999999999999999,business,good,8.691986481789401
74,0.4615384615384616,male,3,own,little,little,0.2262729491147906,0.8421052631578947,education,bad,7.589841512182657
75,1.0,male,3,free,little,little,0.16718256112939944,0.21052631578947367,car,good,7.3310603052186325
76,0.32967032967032966,male,2,own,little,little,0.48674233118786747,0.9999999999999999,radio/TV,bad,8.285513309079741
77,0.7032967032967032,male,2,own,little,moderate,0.5923451088291652,0.1842105263157895,radio/TV,good,8.470520783217808
78,0.4395604395604396,male,1,own,little,little,1.0,0.9999999999999999,car,good,8.972511390650263
79,0.06593406593406598,male,2,own,little,moderate,0.469316562668894,0.6842105263157895,furniture/equipment,good,8.251403065380556
80,0.5494505494505495,female,2,own,little,little,0.745901505101623,0.5263157894736842,radio/TV,bad,8.690137586397595
81,0.6153846153846154,male,2,own,quite rich,little,0.12617304574264235,0.2894736842105263,radio/TV,good,7.101675971619444
82,0.10989010989010989,female,1,rent,moderate,little,0.17268543539854894,0.3684210526315789,business,good,7.358193752733032
83,0.8571428571428572,female,1,own,little,little,0.19718632797785748,0.5263157894736842,vacation/others,good,7.470793774195062
84,0.7252747252747254,male,1,own,little,little,0.27055798489985095,0.15789473684210525,radio/TV,good,7.7475968386928855
85,0.21978021978021983,female,3,own,little,little,0.15224618811313648,0.21052631578947367,business,good,7.253470382684528
86,0.1758241758241758,female,2,own,little,moderate,0.13691675264907713,0.3684210526315789,furniture/equipment,good,7.16703787691222
87,0.6153846153846154,male,2,free,moderate,moderate,1.0,0.8421052631578947,education,bad,8.972511390650263
88,0.24175824175824184,male,3,own,moderate,little,0.26191061104833024,0.3684210526315789,car,good,7.718685495198466
89,0.19780219780219782,male,2,own,little,little,0.11241586006976859,0.21052631578947367,repairs,bad,7.011213987350367
90,0.8131868131868132,male,2,own,little,little,0.04821566026302429,0.21052631578947367,radio/TV,good,6.428105272684596
91,0.7692307692307692,male,2,own,little,little,0.15185312566534007,0.21052631578947367,car,good,7.251344983372214
92,0.30769230769230776,female,1,own,little,little,0.07166838631487578,0.21052631578947367,radio/TV,bad,6.682108597449809
93,0.02197802197802201,male,2,rent,little,rich,0.44114708724348584,0.5263157894736842,furniture/equipment,good,8.193676665955241
94,0.7692307692307692,male,2,own,rich,moderate,0.13993023141551614,0.21052631578947367,car,good,7.1846291527173145
95,0.8571428571428572,male,2,rent,little,moderate,1.0,0.9999999999999999,business,bad,8.972511390650263
96,0.9230769230769231,female,2,own,little,little,0.23085867767241522,0.21052631578947367,education,good,7.607381425639791
97,0.32967032967032966,male,2,own,moderate,moderate,0.31078137539101525,0.3684210526315789,business,good,7.872073979866873
98,0.3736263736263737,male,2,own,little,moderate,0.27344044285035785,0.8421052631578947,radio/TV,good,7.757051142032013
99,0.3736263736263737,male,3,rent,little,moderate,0.8918586940500172,0.42105263157894735,car,good,8.861917004235215
100,0.4835164835164835,male,1,rent,moderate,little,0.15971437462126795,0.5263157894736842,car,good,7.293017679772782
101,0.10989010989010989,male,2,rent,little,moderate,0.27160615142730804,0.8421052631578947,radio/TV,good,7.751045117971802
102,0.10989010989010989,female,2,own,little,little,0.0893561964657135,0.05263157894736842,radio/TV,good,6.838405200847344
103,0.3516483516483517,male,2,rent,little,moderate,0.218673741790727,0.13157894736842105,furniture/equipment,good,7.560080465021827
104,0.1538461538461539,male,2,rent,little,little,0.28759069097102796,0.21052631578947367,car,good,7.802209316247118
105,0.4395604395604396,male,3,own,little,moderate,1.0,0.5263157894736842,vacation/others,bad,8.972511390650263
106,0.4395604395604396,male,3,own,little,little,0.8133772253066706,0.3684210526315789,car,bad,8.773229786032473
107,0.28571428571428575,male,2,own,little,moderate,0.7635893152524608,0.21052631578947367,car,good,8.712595487748722
108,0.24175824175824184,female,2,own,little,little,0.9788565158289524,0.5263157894736842,furniture/equipment,good,8.951828676824181
109,0.3516483516483517,male,2,own,quite rich,moderate,0.1519841464812722,0.2631578947368421,business,good,7.2520539518528135
110,0.26373626373626374,male,2,own,moderate,moderate,0.15709395830262532,0.05263157894736842,business,good,7.27931883541462
111,0.08791208791208799,female,2,rent,little,rich,0.018604955862362632,0.2894736842105263,education,good,5.973809611869261
112,0.19780219780219782,male,1,rent,little,moderate,0.7874351037521087,0.3684210526315789,car,good,8.74209519574531
113,0.1318681318681319,female,2,own,little,little,0.996413305163858,0.8421052631578947,car,bad,8.969032850034301
114,0.3516483516483517,male,2,own,quite rich,little,0.18735976678294763,0.21052631578947367,radio/TV,good,7.427144133408616
115,0.6153846153846154,male,2,own,little,little,0.43603727542213266,0.9999999999999999,radio/TV,good,8.182838710766026
116,0.24175824175824184,female,3,own,little,little,0.9071881295140766,0.9999999999999999,radio/TV,bad,8.878358040627822
117,0.1758241758241758,female,2,rent,little,little,0.24658117558427092,0.15789473684210525,furniture/equipment,good,7.665284718471351
118,0.08791208791208799,female,2,own,quite rich,little,0.528144909022421,0.763157894736842,furniture/equipment,bad,8.362175469149628
119,0.3736263736263737,male,3,own,quite rich,moderate,0.27724004651238965,0.21052631578947367,car,good,7.769378609513984
120,0.1318681318681319,female,2,own,little,little,0.20766799325242796,0.4473684210526315,radio/TV,bad,7.515344571180436
121,0.4835164835164835,female,3,rent,little,little,0.4740333120424508,0.5263157894736842,car,good,8.260751354700513
122,0.10989010989010989,male,1,rent,little,little,0.19888959858497518,0.21052631578947367,furniture/equipment,good,7.478169694159785
123,0.9670329670329672,male,2,free,little,rich,0.06957205325996167,0.15789473684210525,car,good,6.661854740545311
124,0.1758241758241758,female,2,rent,little,moderate,0.21932884587038767,0.3684210526315789,furniture/equipment,bad,7.562681246721884
125,0.24175824175824184,male,2,own,little,little,0.24513994660901753,0.21052631578947367,car,good,7.660114319173928
126,0.4615384615384616,male,1,own,little,little,0.05909038798539118,0.21052631578947367,radio/TV,good,6.553933404025811
127,0.24175824175824184,male,2,own,little,moderate,0.05096709739759904,0.21052631578947367,repairs,bad,6.461468176353717
128,0.32967032967032966,male,3,own,little,moderate,0.21094351365073125,0.21052631578947367,car,good,7.528869256642251
129,0.21978021978021983,female,2,own,little,little,0.42568663096349435,0.21052631578947367,car,bad,8.160518247477505
130,0.10989010989010989,female,2,own,little,moderate,1.0,0.9999999999999999,car,good,8.972511390650263
131,0.21978021978021983,male,2,own,little,little,0.8695851553415549,0.8421052631578947,education,bad,8.837536046107568
132,0.1758241758241758,male,1,own,little,little,0.3220491655611786,0.2894736842105263,furniture/equipment,good,7.904334842085095
133,0.6153846153846154,male,2,free,little,little,0.22719009482631555,0.3684210526315789,furniture/equipment,good,7.59337419312129
134,0.043956043956043966,female,2,own,moderate,little,1.0,0.9999999999999999,radio/TV,good,8.972511390650263
135,0.4175824175824176,female,2,own,little,little,0.1297106077728099,0.21052631578947367,radio/TV,good,7.123672785204607
136,0.1758241758241758,male,2,own,rich,little,1.0,0.6052631578947368,car,good,8.972511390650263
137,1.0,male,1,own,quite rich,moderate,0.0676067410209797,0.21052631578947367,radio/TV,bad,6.642486801367256
138,0.3516483516483517,male,2,own,little,moderate,0.3246695818798212,0.2894736842105263,radio/TV,good,7.911690520708339
139,0.5494505494505495,female,1,rent,little,rich,0.213694950785306,0.21052631578947367,radio/TV,good,7.540090320145325
140,0.1758241758241758,male,0,own,rich,rich,0.06013855451284823,0.05263157894736842,car,good,6.565264970035361
141,0.24175824175824184,female,3,own,little,moderate,0.5954896084115364,0.8421052631578947,radio/TV,good,8.475537516147405
142,0.1758241758241758,male,3,own,little,little,0.4148119032411274,0.6052631578947368,radio/TV,good,8.136518252115291
143,0.06593406593406598,male,2,own,little,little,0.28981804484187423,0.3684210526315789,furniture/equipment,bad,7.809135398120538
144,0.08791208791208799,female,2,own,little,little,0.2670204228696834,0.4473684210526315,furniture/equipment,good,7.735870319952567
145,0.24175824175824184,male,2,own,moderate,moderate,0.43446502563094713,0.9999999999999999,business,good,8.17948018535889
146,0.4395604395604396,female,2,own,little,little,0.07992269771860004,0.05263157894736842,car,good,6.7580945044277305
147,0.7032967032967032,female,2,own,moderate,little,0.05660099248268069,0.21052631578947367,car,good,6.52649485957079
148,0.19780219780219782,male,2,own,little,little,0.6709575983884439,0.8421052631578947,furniture/equipment,good,8.588955557643128
149,0.5934065934065935,male,2,own,rich,little,0.17451972682159878,0.3684210526315789,radio/TV,good,7.367077059881012
150,0.5054945054945055,male,2,free,moderate,little,0.1435988142616158,0.05263157894736842,radio/TV,good,7.205635176410364
151,0.4175824175824176,male,2,own,little,little,0.21932884587038767,0.15789473684210525,radio/TV,good,7.562681246721884
152,0.10989010989010989,male,2,own,little,rich,0.7334545275880706,0.8421052631578947,radio/TV,good,8.674025985443025
153,0.21978021978021983,female,2,rent,rich,moderate,0.9837042860184413,0.5263157894736842,car,good,8.95660873889395
154,0.3736263736263737,male,3,rent,moderate,moderate,0.8800668206161254,0.5263157894736842,business,good,8.849083518532339
155,0.02197802197802201,female,2,rent,little,little,0.1352134820419594,0.21052631578947367,furniture/equipment,bad,7.1569563646156364
156,0.6373626373626373,male,2,own,moderate,little,0.1359996069375522,0.13157894736842105,repairs,good,7.161622002939187
157,0.5714285714285714,male,1,own,little,little,0.011660852617959676,0.21052631578947367,education,good,5.8289456176102075
158,0.4175824175824176,male,2,own,moderate,moderate,0.4273899015706121,0.5263157894736842,car,good,8.164225652265827
159,0.32967032967032966,male,1,own,little,little,0.21592230465615225,0.05263157894736842,radio/TV,good,7.549082710812286
160,0.3736263736263737,male,2,own,moderate,little,0.343536579374048,0.5263157894736842,radio/TV,good,7.96311205897929
161,0.24175824175824184,female,2,own,little,little,0.10547175682536564,0.3684210526315789,car,good,6.962243464266207
162,0.3736263736263737,male,2,own,quite rich,little,0.13259306572331678,0.2894736842105263,domestic appliances,good,7.141245122350491
163,1.0,male,3,free,little,moderate,0.9247449188489821,0.15789473684210525,car,good,8.896861744480391
164,0.3736263736263737,male,2,own,quite rich,little,0.08634271769927447,0.8421052631578947,car,good,6.813444599510896
165,0.28571428571428575,male,2,own,quite rich,little,0.357424785862854,0.05263157894736842,furniture/equipment,good,7.999342952713282
166,0.30769230769230776,female,2,own,little,little,0.1154293388362076,0.3684210526315789,furniture/equipment,bad,7.0317412587631285
167,0.02197802197802201,female,2,own,rich,moderate,0.17386462274193812,0.1842105263157895,furniture/equipment,good,7.363913501405819
168,0.1318681318681319,female,2,rent,little,little,0.4876594768993924,0.5263157894736842,furniture/equipment,good,8.287276755814599
169,0.26373626373626374,male,2,own,little,moderate,0.22077007484564112,0.5263157894736842,business,bad,7.568379267836522
170,0.30769230769230776,male,2,rent,little,little,0.09171457115249185,0.2894736842105263,car,bad,6.85751406254539
171,0.1538461538461539,female,2,own,little,little,0.06721367857318332,0.21052631578947367,furniture/equipment,good,6.638567789166521
172,0.32967032967032966,female,3,own,little,moderate,0.237671760100886,0.5263157894736842,furniture/equipment,bad,7.632885505395133
173,0.30769230769230776,male,2,own,little,moderate,0.15250822974500072,0.10526315789473684,radio/TV,good,7.254884810077338
174,0.1538461538461539,male,2,own,little,little,0.4145498616092632,0.4473684210526315,education,bad,8.13593277200489
175,0.7472527472527473,female,3,own,little,little,0.9479356032689694,0.6842105263157895,car,bad,8.920789888464375
176,0.5054945054945055,male,2,own,little,little,0.30488543867406936,0.21052631578947367,furniture/equipment,good,7.8547691834991324
177,0.7252747252747254,male,2,own,quite rich,little,0.011529831802027546,0.05263157894736842,radio/TV,good,5.82600010738045
178,0.26373626373626374,male,3,rent,little,little,0.2244386576917408,0.21052631578947367,radio/TV,good,7.582738488914411
179,1.0,male,2,own,little,little,0.04205768191421412,0.4473684210526315,car,good,6.349138991379798
180,0.19780219780219782,male,2,own,little,little,1.0,0.8421052631578947,business,bad,8.972511390650263
181,0.24175824175824184,male,3,own,little,moderate,0.5509425309946118,0.8421052631578947,business,bad,8.40200678160712
182,0.4615384615384616,male,1,own,little,little,0.1830360798571873,0.4473684210526315,car,bad,7.4073177104694174
183,0.6813186813186813,male,2,own,rich,little,0.46211041779262685,0.5263157894736842,furniture/equipment,good,8.236950048061455
184,0.3736263736263737,male,2,own,little,moderate,0.08306719730097119,0.3684210526315789,car,bad,6.785587645007929
185,0.26373626373626374,male,2,own,little,little,0.14543310568466564,0.2894736842105263,radio/TV,good,7.215975002651466
186,1.0,female,3,free,little,moderate,0.6392505609328683,0.13157894736842105,car,bad,8.542860938164814
187,1.0,male,0,free,little,moderate,0.12119425473722137,0.3157894736842105,car,good,7.069874128458572
188,0.02197802197802201,male,2,own,moderate,little,0.055552825955223636,0.21052631578947367,radio/TV,bad,6.51471269087253
189,0.30769230769230776,female,2,own,little,moderate,0.39227632290080083,0.3684210526315789,furniture/equipment,good,8.08487062913819
190,0.7692307692307692,male,3,own,rich,little,0.5687613619613816,0.5263157894736842,business,bad,8.432070937999402
191,0.32967032967032966,male,1,free,moderate,moderate,0.47088881246007963,0.9999999999999999,business,bad,8.254528881939745
192,0.3736263736263737,male,2,own,little,moderate,0.48019129039126096,0.6052631578947368,business,bad,8.272826003650401
193,0.21978021978021983,male,2,rent,little,little,0.2434366760018998,0.05263157894736842,radio/TV,good,7.653969180478774
194,0.043956043956043966,male,2,rent,moderate,moderate,0.36436888910725695,0.9999999999999999,radio/TV,bad,8.016977746762262
195,0.32967032967032966,female,3,own,little,moderate,0.16390704073109616,0.13157894736842105,education,bad,7.31455283232408
196,0.19780219780219782,female,2,own,little,little,0.14831556363517254,0.05263157894736842,radio/TV,good,7.232010331664759
197,0.1758241758241758,female,2,rent,moderate,moderate,0.09184559196842398,0.21052631578947367,furniture/equipment,bad,6.858565034791365
198,0.3736263736263737,male,2,free,little,moderate,0.32886224798964936,0.5263157894736842,car,good,7.923348211930154
199,0.4615384615384616,male,3,own,little,moderate,0.530241242077335,0.3684210526315789,furniture/equipment,bad,8.365905077202456
200,0.7252747252747254,male,2,own,quite rich,little,0.08988027972944201,0.13157894736842105,education,good,6.842683282238422
201,0.1758241758241758,male,1,own,little,little,0.12027710902569647,0.21052631578947367,car,good,7.063903961472068
202,0.1538461538461539,male,2,own,little,little,0.6376783111416826,0.6052631578947368,business,good,8.540519016719735
203,0.043956043956043966,male,2,rent,little,little,0.08542557198774955,0.21052631578947367,education,bad,6.805722553416985
204,0.4175824175824176,male,1,own,little,little,0.16312091583550337,0.21052631578947367,car,good,7.310550158534422
205,0.4175824175824176,male,3,free,little,little,1.0,0.6842105263157895,car,good,8.972511390650263
206,0.5274725274725276,male,2,own,little,little,0.22077007484564112,0.21052631578947367,furniture/equipment,good,7.568379267836522
207,0.1538461538461539,male,2,own,little,moderate,0.15381843790432204,0.21052631578947367,domestic appliances,good,7.261927092702751
208,0.043956043956043966,male,1,own,little,little,0.8277895150592051,0.5263157894736842,business,good,8.790116892892472
209,0.7912087912087913,male,2,own,rich,little,0.1523772089290686,0.21052631578947367,car,good,7.254177846456518
210,0.30769230769230776,male,2,own,little,little,0.37000278419233856,0.13157894736842105,radio/TV,good,8.031060180240619
211,0.5714285714285714,female,1,own,little,little,0.46970962511669045,0.8421052631578947,radio/TV,good,8.252185436003328
212,0.6813186813186813,male,2,own,little,little,0.6607379747457377,0.6052631578947368,business,bad,8.574329382787047
213,1.0,male,3,own,little,rich,0.21723251281547357,0.6842105263157895,business,bad,7.554334823725748
214,0.7032967032967032,male,2,own,little,little,0.4051163628621497,0.8421052631578947,radio/TV,good,8.114623886420098
215,0.4395604395604396,female,1,own,little,moderate,0.0893561964657135,0.05263157894736842,education,good,6.838405200847344
216,0.26373626373626374,male,2,own,little,little,0.37393340867030245,0.3684210526315789,business,good,8.040768994367578
217,0.08791208791208799,male,2,own,little,rich,0.4799292487593967,0.8421052631578947,radio/TV,good,8.272315147956022
218,0.10989010989010989,male,1,rent,little,little,0.3630586809479356,0.5263157894736842,furniture/equipment,good,8.013674142832684
219,0.989010989010989,female,2,own,little,little,0.14595718894839418,0.15789473684210525,car,good,7.21890970761906
220,0.1538461538461539,male,1,own,little,moderate,0.04913280597454921,0.21052631578947367,radio/TV,good,6.439350371100098
221,0.08791208791208799,female,2,rent,little,little,0.12446977513552465,0.21052631578947367,education,good,7.0909098220799835
222,0.24175824175824184,male,2,own,little,little,0.05987651288098396,0.21052631578947367,radio/TV,good,6.56244409369372
223,0.28571428571428575,male,2,own,little,little,0.357424785862854,0.5263157894736842,business,good,7.999342952713282
224,0.24175824175824184,male,2,own,little,little,0.5774087358129023,0.2894736842105263,car,good,8.446341450444287
225,0.1758241758241758,male,2,own,little,little,0.30960218804762607,0.8421052631578947,repairs,good,7.868636894184167
226,0.1758241758241758,male,2,own,rich,moderate,1.0,0.9999999999999999,radio/TV,bad,8.972511390650263
227,0.7472527472527473,male,3,free,little,little,0.9977235133231792,0.21052631578947367,furniture/equipment,bad,8.970304952991755
228,0.06593406593406598,male,2,own,little,little,0.16089356196465712,0.13157894736842105,radio/TV,bad,7.2991214627108
229,0.06593406593406598,male,2,free,little,little,0.37982934538724844,0.5263157894736842,furniture/equipment,good,8.055157731819678
230,0.1538461538461539,male,2,own,little,rich,0.5188424310912396,0.8421052631578947,radio/TV,bad,8.345455428161928
231,0.7032967032967032,male,1,free,quite rich,little,0.2957139815588201,0.13157894736842105,car,good,7.827240901752812
232,0.3516483516483517,male,2,own,moderate,little,0.24776036292766015,0.21052631578947367,radio/TV,good,7.669495251007694
233,0.1318681318681319,male,1,own,little,moderate,0.08070882261419282,0.3684210526315789,radio/TV,good,6.7650389767805414
234,0.5054945054945055,male,1,own,little,little,0.1695409358161778,0.0,radio/TV,good,7.3427791893318455
235,0.24175824175824184,male,3,own,little,little,0.2060957434612424,0.5263157894736842,radio/TV,bad,7.508787170634276
236,0.08791208791208799,male,0,own,little,moderate,1.0,0.05263157894736842,car,bad,8.972511390650263
237,0.9230769230769231,male,1,rent,moderate,moderate,0.32977939370117426,0.4473684210526315,business,bad,7.92588031673756
238,0.3516483516483517,female,2,own,little,little,0.1363926693853486,0.21052631578947367,radio/TV,good,7.163946684342547
239,0.4395604395604396,male,2,own,little,little,0.2976792937978021,0.6842105263157895,radio/TV,good,7.833203948641057
240,0.21978021978021983,female,2,own,little,little,0.08712884259486725,0.5263157894736842,car,bad,6.82001636467413
241,0.7032967032967032,male,2,own,little,little,0.17622299742871647,0.05263157894736842,radio/TV,good,7.375255778009754
242,0.10989010989010989,male,2,free,little,little,0.5705956533844315,0.9999999999999999,car,bad,8.43511508038063
243,0.1758241758241758,female,2,own,little,little,0.12250446289654268,0.21052631578947367,business,good,7.078341579557671
244,0.3516483516483517,female,1,own,quite rich,little,0.41887354853502345,0.21052631578947367,education,good,8.145549631783584
245,0.1318681318681319,male,2,own,little,little,0.13206898245958826,0.5263157894736842,business,good,7.138073034044347
246,0.7252747252747254,male,2,own,little,little,0.06118672104030527,0.21052631578947367,radio/TV,good,6.576469569048224
247,0.3516483516483517,male,2,rent,moderate,little,0.12499385839925317,0.05263157894736842,car,good,7.094234845924755
248,0.1538461538461539,male,2,own,little,rich,0.2194598666863198,0.5263157894736842,furniture/equipment,good,7.563200592358071
249,0.06593406593406598,female,2,rent,little,little,0.02397680931558001,0.3684210526315789,radio/TV,bad,6.073044534100405
250,0.4395604395604396,female,1,own,rich,little,0.05450465942776658,0.05263157894736842,car,good,6.502790045915623
251,0.5934065934065935,female,1,own,little,rich,0.2621726526801945,0.21052631578947367,furniture/equipment,good,7.719573989259581
252,0.10989010989010989,female,2,own,little,moderate,0.24893955027104933,0.6842105263157895,car,bad,7.67368812926773
253,0.3516483516483517,male,2,own,moderate,little,0.5111122029512439,0.5263157894736842,furniture/equipment,good,8.331345424845724
254,0.10989010989010989,male,2,own,little,moderate,0.23321705235919357,0.13157894736842105,furniture/equipment,good,7.616283561580385
255,0.1758241758241758,male,1,own,little,moderate,0.9391572086015165,0.9999999999999999,radio/TV,good,8.911799556189527
256,0.3516483516483517,male,1,own,little,little,0.3189046659788074,0.5263157894736842,radio/TV,good,7.895436006942965
257,0.21978021978021983,male,2,free,little,little,0.2488085294551172,0.21052631578947367,radio/TV,bad,7.673223121121708
258,0.08791208791208799,female,2,own,moderate,little,0.46669614635025136,0.2894736842105263,car,good,8.246171559857563
259,0.8351648351648351,female,1,own,moderate,little,0.1184428176026466,0.1842105263157895,radio/TV,good,7.051855622955894
260,0.1758241758241758,male,2,own,little,little,0.18434628801650862,0.21052631578947367,furniture/equipment,good,7.4133673356952405
261,0.7912087912087913,female,2,own,little,little,0.17727116395617354,0.5263157894736842,radio/TV,good,7.38025578842646
262,0.3736263736263737,male,3,free,little,little,0.6619171620891269,0.3684210526315789,car,good,8.57602797713713
263,0.8351648351648351,female,1,free,little,little,0.3272899981984638,0.21052631578947367,education,good,7.918992488165245
264,0.28571428571428575,male,1,own,little,little,0.12853142042942073,0.15789473684210525,car,good,7.116394144093465
265,0.3956043956043957,male,2,own,little,moderate,0.07232349039453644,0.2894736842105263,radio/TV,bad,6.688354713946762
266,0.3736263736263737,male,2,own,little,little,0.7932000196531224,0.8421052631578947,business,good,8.74909824839902
267,0.4175824175824176,female,2,own,little,little,0.16809970684092435,0.5263157894736842,radio/TV,good,7.335633981927201
268,0.5714285714285714,male,3,own,little,little,1.0,0.2631578947368421,car,bad,8.972511390650263
269,0.1318681318681319,male,2,own,little,little,0.09813459113316628,0.5263157894736842,radio/TV,good,6.907755278982137
270,0.28571428571428575,male,2,own,little,little,0.3160222080283005,0.3684210526315789,car,good,7.887208585813932
271,0.3956043956043957,female,2,rent,quite rich,little,0.15093597995381516,0.21052631578947367,furniture/equipment,good,7.246368080102461
272,0.3736263736263737,male,3,free,little,moderate,1.0,0.9999999999999999,car,good,8.972511390650263
273,0.19780219780219782,male,2,own,little,moderate,0.36816849276928876,0.9999999999999999,radio/TV,bad,8.026496938945412
274,0.32967032967032966,male,1,own,little,little,1.0,0.6842105263157895,repairs,bad,8.972511390650263
275,0.28571428571428575,male,2,own,little,little,0.3206079365859251,0.13157894736842105,radio/TV,good,7.900266036767701
276,0.1538461538461539,female,2,own,little,little,0.28221883751781063,0.3684210526315789,radio/TV,good,7.785305182539862
277,0.6593406593406594,male,1,own,little,little,0.13259306572331678,0.21052631578947367,furniture/equipment,good,7.141245122350491
278,0.28571428571428575,female,2,own,little,little,0.5713817782800242,0.05263157894736842,furniture/equipment,bad,8.436416881388949
279,0.21978021978021983,male,3,rent,moderate,little,0.21631536710394864,0.5263157894736842,radio/TV,good,7.550661243105336
280,0.08791208791208799,male,2,rent,rich,little,0.40852290407638514,0.2894736842105263,car,good,8.122371243406553
281,0.6813186813186813,male,2,own,little,little,0.17347156029414174,0.21052631578947367,furniture/equipment,good,7.362010551259734
282,0.6593406593406594,male,1,own,little,rich,0.1565698750388968,0.3684210526315789,radio/TV,good,7.27655640271871
283,0.9670329670329672,male,2,own,little,little,0.16639643623380665,0.2894736842105263,furniture/equipment,good,7.327123292259293
284,0.3956043956043957,male,2,own,moderate,moderate,0.47534352020177206,0.5263157894736842,car,good,8.263332667439967
285,0.3516483516483517,female,1,own,little,little,1.0,0.9999999999999999,car,good,8.972511390650263
286,0.1538461538461539,male,2,own,little,little,0.5945724627000115,0.9999999999999999,car,good,8.47407690034261
287,0.26373626373626374,male,3,free,moderate,moderate,0.9606446224143861,0.9999999999999999,vacation/others,good,8.933664178700935
288,0.6593406593406594,female,2,own,little,moderate,0.11031952701485448,0.21052631578947367,radio/TV,good,6.996681488176539
289,0.6373626373626373,male,2,own,little,little,0.10141011153146956,0.5263157894736842,radio/TV,bad,6.932447891572509
290,0.1538461538461539,male,2,own,little,little,0.10822319395994037,0.21052631578947367,business,good,6.981934677156389
291,0.19780219780219782,male,3,rent,little,moderate,1.0,0.8421052631578947,car,bad,8.972511390650263
292,0.5494505494505495,female,3,free,little,little,0.8082674134853175,0.5263157894736842,car,good,8.767173396684006
293,0.8131868131868132,male,2,free,little,rich,0.5956206292274685,0.9999999999999999,car,good,8.475746001502063
294,0.5934065934065935,male,3,own,little,little,0.9668026007631962,0.9999999999999999,business,good,8.939843124278502
295,0.1538461538461539,female,2,own,little,moderate,1.0,0.9999999999999999,furniture/equipment,bad,8.972511390650263
296,0.02197802197802201,female,2,rent,little,little,0.5797671104996807,0.21052631578947367,car,good,8.450198322591959
297,0.5714285714285714,male,1,own,little,little,0.13586858612162006,0.15789473684210525,car,good,7.160845906664299
298,0.5274725274725276,male,2,own,little,little,0.2967621480862772,0.3684210526315789,furniture/equipment,good,7.830425617820331
299,0.28571428571428575,male,2,own,rich,moderate,0.32689693575066736,0.4473684210526315,furniture/equipment,good,7.917900586327916
300,0.7692307692307692,female,0,own,little,little,0.05529078432335938,0.05263157894736842,car,good,6.511745329644728
301,0.5054945054945055,female,2,own,little,moderate,0.4656479798227944,0.8421052631578947,radio/TV,bad,8.244071270295786
302,0.3956043956043957,male,1,own,little,rich,0.14333677262975156,0.5263157894736842,car,bad,7.20414929203594
303,0.6593406593406594,male,2,own,little,little,0.1032444029545194,0.15789473684210525,car,good,6.946013991099227
304,0.5494505494505495,male,2,free,quite rich,little,1.0,0.9999999999999999,car,bad,8.972511390650263
305,0.30769230769230776,male,2,own,rich,little,0.16940991500024566,0.05263157894736842,furniture/equipment,good,7.342131730584722
306,0.10989010989010989,female,1,rent,little,little,0.5975859414664505,0.6842105263157895,car,good,8.47886807709457
307,0.30769230769230776,male,1,own,moderate,little,0.062496929199626586,0.21052631578947367,radio/TV,bad,6.590301048196686
308,0.10989010989010989,female,2,own,little,moderate,0.12931754532501352,0.10526315789473684,furniture/equipment,bad,7.121252453244542
309,0.06593406593406598,male,1,rent,little,moderate,0.003406541214235413,0.13157894736842105,car,good,5.6240175061873385
310,0.4615384615384616,male,0,free,little,moderate,0.6722678065477653,0.9999999999999999,vacation/others,good,8.590815331286851
311,0.1318681318681319,male,2,own,moderate,little,0.6893005126189423,0.5263157894736842,furniture/equipment,good,8.614682812693495
312,0.1538461538461539,female,2,own,little,rich,0.4584418349465271,0.5263157894736842,furniture/equipment,good,8.229511118964457
313,0.1318681318681319,male,1,own,little,moderate,0.05699405493047707,0.21052631578947367,car,bad,6.530877627725885
314,0.21978021978021983,male,1,own,little,rich,0.16298989501957123,0.0,car,good,7.3098814858247865
315,0.26373626373626374,male,2,own,little,little,0.32702795656659955,0.8421052631578947,furniture/equipment,bad,7.918264686095274
316,0.4175824175824176,male,1,own,little,little,0.060007533696916096,0.21052631578947367,furniture/equipment,good,6.5638555265321274
317,0.6373626373626373,female,1,own,little,moderate,0.5373163661376701,0.5263157894736842,furniture/equipment,good,8.378390788535778
318,0.28571428571428575,male,2,own,little,little,0.05909038798539118,0.21052631578947367,education,good,6.553933404025811
319,0.1758241758241758,female,1,own,little,little,0.4445536284577212,0.2894736842105263,furniture/equipment,good,8.200837258379849
320,0.19780219780219782,male,3,own,little,moderate,0.5239522429125928,0.6842105263157895,car,bad,8.354674261918463
321,0.28571428571428575,male,2,own,little,little,0.22116313729343748,0.5263157894736842,radio/TV,bad,7.569927655242652
322,0.32967032967032966,male,3,free,little,little,0.348515370379469,0.5263157894736842,car,good,7.976251943745623
323,0.19780219780219782,male,2,own,rich,little,0.31562914558050414,0.3684210526315789,furniture/equipment,good,7.886081401775745
324,0.3736263736263737,female,2,own,little,little,0.10193419479519808,0.3684210526315789,car,good,6.9363427358340495
325,0.4395604395604396,male,1,own,little,little,0.412453528554349,0.10526315789473684,car,good,8.131236549696116
326,0.6593406593406594,male,2,rent,little,little,0.7272965492392605,0.21052631578947367,furniture/equipment,good,8.665957964681349
327,0.32967032967032966,female,2,own,rich,little,0.1670515403134673,0.5263157894736842,car,good,7.330405211844402
328,0.26373626373626374,male,2,own,little,rich,0.5533009056813901,0.8421052631578947,radio/TV,good,8.406038142050075
329,0.19780219780219782,male,2,own,little,moderate,0.10717502743248333,0.05263157894736842,radio/TV,good,6.974478911025045
330,1.0,male,3,free,little,little,0.8339474934080152,0.5263157894736842,car,good,8.797246236703527
331,0.24175824175824184,female,2,own,moderate,little,0.2114675969144598,0.3684210526315789,education,bad,7.5310163320779155
332,0.10989010989010989,female,3,own,moderate,moderate,0.9378470004421953,0.9999999999999999,car,bad,8.910450756416656
333,0.10989010989010989,female,1,rent,moderate,little,1.0,0.9999999999999999,car,bad,8.972511390650263
334,0.08791208791208799,male,2,rent,little,little,0.5057403494980265,0.5263157894736842,furniture/equipment,bad,8.321421586897879
335,0.5494505494505495,male,3,rent,little,little,0.4106192371312992,0.05263157894736842,furniture/equipment,bad,8.127109185346375
336,0.08791208791208799,female,1,own,little,moderate,0.2425195302903749,0.23684210526315785,radio/TV,good,7.650644551436897
337,0.10989010989010989,female,2,rent,little,little,0.1342963363304345,0.2894736842105263,domestic appliances,bad,7.151485463904735
338,0.19780219780219782,male,2,own,little,little,0.5134705776380223,0.5263157894736842,furniture/equipment,good,8.335671314792847
339,0.26373626373626374,male,1,own,little,moderate,0.1665274570497388,0.15789473684210525,furniture/equipment,good,7.3277805384216315
340,0.10989010989010989,female,2,free,little,moderate,0.7196973419151967,0.5263157894736842,education,good,8.65591111072806
341,0.1538461538461539,female,1,rent,little,little,0.4387887125567075,0.4473684210526315,furniture/equipment,good,8.1886891244442
342,0.1318681318681319,male,2,rent,quite rich,moderate,0.38821467760690476,0.3684210526315789,radio/TV,good,8.075271546297458
343,0.30769230769230776,male,3,own,little,moderate,0.5488461979396977,0.3684210526315789,business,good,8.39840965542627
344,0.3956043956043957,male,1,own,little,rich,0.4846459981329534,0.15789473684210525,car,good,8.281470857895167
345,0.5274725274725276,female,1,own,little,little,0.15840416646194663,0.2894736842105263,radio/TV,good,7.286191714702382
346,0.08791208791208799,male,2,own,little,moderate,0.08280515566910693,0.23684210526315785,radio/TV,good,6.78332520060396
347,0.08791208791208799,female,0,rent,quite rich,moderate,0.4596210222899163,0.5263157894736842,radio/TV,good,8.231908243564177
348,0.32967032967032966,male,1,own,moderate,little,0.1956140781866719,0.05263157894736842,business,good,7.463936604468925
349,0.28571428571428575,male,2,free,rich,moderate,0.11608444291586825,0.13157894736842105,education,bad,7.036148493750536
350,0.08791208791208799,female,2,rent,little,little,0.12918652450908139,0.13157894736842105,domestic appliances,good,7.1204443723924875
351,0.21978021978021983,female,2,own,little,moderate,0.09289375849588102,0.13157894736842105,furniture/equipment,bad,6.866933284461882
352,0.4175824175824176,male,3,own,little,little,0.39031101066181884,0.3684210526315789,car,good,8.080237416216702
353,0.19780219780219782,male,2,rent,little,little,0.7794428339802486,0.21052631578947367,radio/TV,bad,8.732304571033183
354,0.5934065934065935,male,2,free,quite rich,little,0.062496929199626586,0.15789473684210525,education,good,6.590301048196686
355,0.08791208791208799,male,1,own,little,moderate,0.1304967326684027,0.5263157894736842,car,bad,7.1284959456800365
356,0.6593406593406594,male,2,own,little,little,0.272654317954765,0.21052631578947367,radio/TV,good,7.754481547470383
357,0.1538461538461539,male,3,own,little,little,0.5519906975220689,0.8421052631578947,radio/TV,bad,8.403800504061147
358,0.19780219780219782,male,2,own,little,little,0.06891694918030102,0.21052631578947367,radio/TV,good,6.655440350367647
359,0.08791208791208799,female,2,rent,little,little,0.2824808791496749,0.6842105263157895,furniture/equipment,bad,7.786136437783072
360,0.9230769230769231,male,2,free,little,moderate,0.12957958695687777,0.3684210526315789,education,good,7.122866658599083
361,0.3956043956043957,male,3,own,little,rich,0.4125845493702812,0.21052631578947367,radio/TV,good,8.131530710604252
362,0.3736263736263737,female,2,own,little,rich,0.2616485694164661,0.21052631578947367,car,good,7.717796211013582
363,0.043956043956043966,male,2,rent,little,little,0.19862755695311093,0.05263157894736842,furniture/equipment,good,7.4770384723196965
364,0.1318681318681319,male,0,own,little,little,0.2912592738171277,0.3684210526315789,furniture/equipment,bad,7.813591552952433
365,0.3736263736263737,male,2,own,little,little,0.16927889418431352,0.21052631578947367,business,good,7.341483852363161
366,0.1758241758241758,male,2,own,little,little,0.47167493735567245,0.3684210526315789,car,good,8.25608813381491
367,0.06593406593406598,female,2,rent,little,little,0.4454707741692462,0.3684210526315789,furniture/equipment,good,8.202756381655638
368,0.5054945054945055,male,2,own,little,little,0.4187425277190914,0.8421052631578947,furniture/equipment,bad,8.145259566516865
369,0.4615384615384616,female,2,rent,little,moderate,0.36043826462929296,0.3684210526315789,furniture/equipment,good,8.007034012193408
370,0.3736263736263737,male,2,own,little,little,0.3706578882719992,0.8421052631578947,car,good,8.03268487596762
371,0.30769230769230776,male,2,own,little,little,0.7625411487250037,0.3684210526315789,radio/TV,good,8.711278615130434
372,0.08791208791208799,female,2,rent,little,little,0.24841546700732078,0.15789473684210525,furniture/equipment,good,7.671826797878781
373,0.9670329670329672,male,3,free,little,little,1.0,0.9999999999999999,car,good,8.972511390650263
374,0.9010989010989012,female,3,free,moderate,moderate,1.0,0.9999999999999999,vacation/others,bad,8.972511390650263
375,0.3956043956043957,female,2,rent,little,little,0.9741397664553957,0.9999999999999999,business,bad,8.94715577112479
376,0.32967032967032966,male,2,own,little,little,0.2712130889795116,0.3684210526315789,radio/TV,good,7.749753406274437
377,0.3736263736263737,male,2,free,little,little,0.07808840629555021,0.07894736842105263,radio/TV,good,6.741700694652055
378,0.8351648351648351,male,3,free,little,moderate,1.0,0.8421052631578947,car,bad,8.972511390650263
379,0.7252747252747254,female,1,own,moderate,little,0.014674331384398692,0.05263157894736842,car,good,5.8944028342648505
380,0.4395604395604396,male,2,own,little,little,0.25706284085884146,0.42105263157894735,furniture/equipment,good,7.70210434005105
381,0.4175824175824176,female,3,free,little,moderate,1.0,0.3684210526315789,car,bad,8.972511390650263
382,0.1318681318681319,female,2,rent,little,little,0.13534450285789154,0.4736842105263158,car,good,7.157735484249907
383,0.1538461538461539,male,2,own,little,rich,0.14150248120670172,0.21052631578947367,car,good,7.193685818395112
384,0.1538461538461539,male,1,own,moderate,little,0.5269657216790318,0.6842105263157895,business,good,8.360071435644025
385,0.1318681318681319,female,2,own,little,little,0.2604693820730769,0.3684210526315789,radio/TV,good,7.713784616598755
386,0.043956043956043966,female,2,rent,little,little,0.11477423475654694,0.3684210526315789,radio/TV,good,7.027314514039777
387,0.4615384615384616,male,3,own,little,moderate,0.9333922927005028,0.3684210526315789,furniture/equipment,good,8.905851181208021
388,0.1758241758241758,male,2,own,quite rich,moderate,0.2719992138751044,0.2894736842105263,business,good,7.752335163302292
389,0.1758241758241758,female,2,own,little,little,0.15709395830262532,0.13157894736842105,business,good,7.27931883541462
390,0.24175824175824184,male,3,own,little,little,0.20570268101344602,0.3684210526315789,car,good,7.507141079727608
391,0.0,female,1,rent,rich,moderate,0.09603825807825217,0.21052631578947367,furniture/equipment,good,6.891625897052253
392,0.4395604395604396,male,3,free,little,little,0.39293142698046146,0.8421052631578947,car,good,8.086410275323782
393,0.26373626373626374,female,2,own,little,little,0.22365253279614797,0.05263157894736842,radio/TV,good,7.579678823090456
394,0.26373626373626374,male,3,own,little,little,0.2824808791496749,0.13157894736842105,furniture/equipment,good,7.786136437783072
395,0.28571428571428575,male,2,rent,moderate,moderate,1.0,0.9210526315789472,education,good,8.972511390650263
396,0.7912087912087913,female,3,free,little,little,0.30501645949000145,0.21052631578947367,furniture/equipment,good,7.8551570058813445
397,0.5934065934065935,male,2,own,little,little,0.2748816718256113,0.8421052631578947,furniture/equipment,good,7.761744984658913
398,0.5934065934065935,male,2,rent,little,moderate,0.12748325390196366,0.21052631578947367,car,bad,7.1098794630722715
399,0.5274725274725276,female,1,own,rich,little,0.16587235297007813,0.5263157894736842,radio/TV,good,7.324489979348532
400,0.4395604395604396,male,2,own,little,little,0.16023845788499647,0.3684210526315789,radio/TV,good,7.295735072749282
401,0.19780219780219782,male,2,own,little,moderate,0.2144810756808988,0.3684210526315789,business,good,7.543273346705446
402,0.1758241758241758,male,2,own,little,little,1.0,0.5263157894736842,business,bad,8.972511390650263
403,0.1758241758241758,male,1,own,little,little,0.07232349039453644,0.2631578947368421,car,good,6.688354713946762
404,0.5274725274725276,male,2,own,little,moderate,0.34707414140421555,0.3684210526315789,car,good,7.9724660159745655
405,0.06593406593406598,male,2,own,little,moderate,0.23439623970258275,0.5263157894736842,radio/TV,bad,7.620705086838262
406,0.5274725274725276,male,2,own,little,little,0.25509752861985946,0.5263157894736842,car,good,7.6953031349635665
407,0.1758241758241758,male,2,own,little,little,0.10520971519350136,0.2894736842105263,radio/TV,good,6.960347729101308
408,0.1538461538461539,male,3,own,quite rich,little,0.39109713555741166,0.5263157894736842,radio/TV,good,8.082093278178382
409,0.19780219780219782,male,2,own,quite rich,rich,0.09027334217723841,0.21052631578947367,car,bad,6.84587987526405
410,0.02197802197802201,female,2,own,little,moderate,0.22496274095546928,0.5263157894736842,radio/TV,good,7.584773077612199
411,0.3516483516483517,male,3,own,little,little,0.9175387739727149,0.763157894736842,car,good,8.889308319842847
412,0.5054945054945055,male,3,own,little,little,0.26754450613341196,0.21052631578947367,business,bad,7.737616282857904
413,0.4615384615384616,male,1,rent,quite rich,little,0.17648503906058075,0.15789473684210525,car,good,7.37650812632622
414,0.3516483516483517,female,2,own,little,little,0.1481845428192404,0.5263157894736842,car,bad,7.231287004327616
415,0.3516483516483517,male,2,own,little,little,0.7326684026924778,0.8421052631578947,car,good,8.672999642554437
416,0.30769230769230776,male,1,own,little,little,0.30514748030593364,0.21052631578947367,car,bad,7.855544677915663
417,0.08791208791208799,female,2,rent,little,little,1.0,0.3684210526315789,education,good,8.972511390650263
418,0.26373626373626374,female,3,own,quite rich,little,0.33174470594015626,0.4473684210526315,car,good,7.931284761525891
419,0.30769230769230776,female,2,own,little,moderate,0.10376848621824791,0.3684210526315789,car,bad,6.949856455000773
420,0.02197802197802201,female,2,rent,rich,little,0.3846771155767372,0.2894736842105263,car,good,8.066835314417336
421,0.24175824175824184,male,2,own,little,moderate,0.2329550107273293,0.21052631578947367,car,good,7.615298339825815
422,0.6153846153846154,male,1,own,little,moderate,0.09276273767994889,0.21052631578947367,car,good,6.8658910748834385
423,0.32967032967032966,male,3,own,moderate,little,0.17569891416498795,0.4473684210526315,furniture/equipment,good,7.3727463664043285
424,0.1318681318681319,female,2,own,little,moderate,0.32912428962151363,0.21052631578947367,furniture/equipment,bad,7.924072324923417
425,0.043956043956043966,male,2,rent,little,moderate,0.3313516434923598,0.3684210526315789,car,good,7.930206206684683
426,0.21978021978021983,male,2,own,little,little,0.3266348941188031,0.631578947368421,radio/TV,good,7.917171988845776
427,0.5934065934065935,male,2,own,rich,little,0.11778771352298595,0.3684210526315789,radio/TV,good,7.047517221357296
428,0.02197802197802201,male,2,own,little,little,0.13927512733585548,0.13157894736842105,furniture/equipment,good,7.1808311990445555
429,0.7912087912087913,female,0,free,little,little,0.12315956697620334,0.3684210526315789,repairs,bad,7.0825485693553
430,1.0,male,1,own,little,little,0.41900456935095565,0.02631578947368421,business,good,8.145839612936841
431,0.21978021978021983,male,3,own,little,moderate,1.0,0.5263157894736842,vacation/others,bad,8.972511390650263
432,0.3736263736263737,male,3,free,little,little,0.21251576344191683,0.05263157894736842,furniture/equipment,good,7.5352967024440884
433,0.30769230769230776,male,2,own,little,little,0.23688563520529324,0.5263157894736842,repairs,good,7.629975707027789
434,0.1318681318681319,male,2,own,little,little,0.24710525884799947,0.13157894736842105,furniture/equipment,good,7.667158255319148
435,0.1318681318681319,male,2,own,little,moderate,0.16167968686024992,0.21052631578947367,radio/TV,bad,7.3031700512368
436,0.08791208791208799,male,1,rent,quite rich,little,0.0537185345321738,0.05263157894736842,repairs,good,6.493753839851687
437,0.3956043956043957,female,2,own,rich,little,0.13586858612162006,0.5263157894736842,car,good,7.160845906664299
438,1.0,male,0,own,little,little,0.4119294452906206,0.9999999999999999,repairs,good,8.130059039992796
439,0.1538461538461539,female,0,own,little,rich,0.0470364729196351,0.21052631578947367,business,bad,6.413458957167357
440,0.4395604395604396,male,3,own,little,little,0.2140880132331024,0.21052631578947367,car,good,7.541683099882111
441,0.24175824175824184,female,2,own,little,little,0.17949851782701975,0.21052631578947367,furniture/equipment,good,7.390798521735676
442,0.21978021978021983,male,2,own,little,moderate,0.31169852110254015,0.42105263157894735,vacation/others,good,7.874739125171811
443,0.4835164835164835,male,1,own,little,little,0.061448762672169546,0.21052631578947367,education,bad,6.579251212010101
444,0.24175824175824184,female,3,own,little,moderate,0.6349268740071079,0.9999999999999999,furniture/equipment,bad,8.536407410340042
445,0.4835164835164835,female,1,rent,little,little,0.13023469103653842,0.13157894736842105,education,good,7.126890808898808
446,0.32967032967032966,female,2,own,little,little,0.2085851389639529,0.8421052631578947,car,bad,7.519149957669823
447,0.3516483516483517,male,2,own,little,moderate,0.30475441785813717,0.07894736842105263,radio/TV,good,7.854381210652365
448,0.7912087912087913,female,3,own,little,rich,0.15381843790432204,0.21052631578947367,furniture/equipment,good,7.261927092702751
449,0.9230769230769231,male,2,own,rich,moderate,0.16534826970634958,0.2894736842105263,repairs,bad,7.321849713788356
450,0.24175824175824184,male,3,own,little,little,1.0,0.8421052631578947,car,good,8.972511390650263
451,0.21978021978021983,female,2,own,little,little,0.03511357866981117,0.05263157894736842,radio/TV,good,6.251903883165888
452,0.32967032967032966,male,2,own,little,little,0.32873122717371717,0.21052631578947367,furniture/equipment,good,7.9229859587111955
453,0.3516483516483517,male,3,own,little,little,0.3170703745557576,0.5263157894736842,car,good,7.890208213109961
454,0.26373626373626374,male,2,own,little,little,0.5983720663620433,0.5263157894736842,car,bad,8.480114183174816
455,0.21978021978021983,female,3,own,little,little,0.31824956189914677,0.5263157894736842,car,good,7.893572073504902
456,0.3736263736263737,male,2,rent,little,little,0.4788810822319396,0.1842105263157895,car,good,8.270269111436624
457,0.3516483516483517,male,2,free,little,little,0.4108812787631635,0.21052631578947367,car,bad,8.127699852817772
458,0.1758241758241758,female,2,own,little,little,0.012184935881688203,0.05263157894736842,domestic appliances,good,5.840641657373398
459,0.28571428571428575,male,2,own,little,little,0.5691544244091781,0.3684210526315789,radio/TV,good,8.432724034789787
460,0.3956043956043957,male,2,own,little,little,0.4415401496912822,0.8421052631578947,furniture/equipment,good,8.19450550976564
461,0.3736263736263737,male,2,own,little,little,0.19273162023616502,0.2894736842105263,car,good,7.451241684987676
462,0.32967032967032966,female,3,rent,little,moderate,0.36253459768420704,0.21052631578947367,furniture/equipment,good,8.012349639327795
463,0.4175824175824176,male,2,own,little,moderate,0.06603449122979413,0.21052631578947367,education,good,6.626717749249025
464,0.32967032967032966,male,2,own,little,little,0.22273538708462307,0.3684210526315789,business,good,7.576097340623111
465,0.9670329670329672,male,2,own,little,little,0.3503496618025189,0.5263157894736842,car,good,7.981049759665957
466,0.21978021978021983,female,1,rent,little,little,0.18460832964837287,0.5263157894736842,radio/TV,bad,7.414572881350589
467,0.28571428571428575,male,2,own,little,little,0.915573461733733,0.9999999999999999,radio/TV,good,8.88723835429314
468,0.1538461538461539,female,2,own,little,little,0.3293863312533779,0.763157894736842,business,good,7.9247959139564355
469,0.3516483516483517,male,1,own,little,little,0.5802911937634092,0.5263157894736842,car,good,8.451053388911692
470,0.06593406593406598,male,2,rent,moderate,moderate,0.3723611588791169,0.5263157894736842,radio/TV,bad,8.03689677268507
471,0.08791208791208799,female,2,own,little,little,0.025942121554561978,0.05263157894736842,education,bad,6.1070228877422545
472,0.19780219780219782,male,1,own,little,little,0.05293240963658101,0.13157894736842105,car,bad,6.484635235635252
473,0.3736263736263737,male,3,own,little,little,0.12944856614094563,0.05263157894736842,education,good,7.122059881629142
474,0.30769230769230776,male,2,own,little,moderate,0.13036571185247056,0.3684210526315789,radio/TV,bad,7.1276936993473985
475,0.1538461538461539,female,2,rent,little,little,0.3752436168296238,0.3684210526315789,furniture/equipment,bad,8.043984431221553
476,0.10989010989010989,male,2,own,quite rich,little,0.30383727214661227,0.9210526315789472,car,good,7.851661177889265
477,0.1318681318681319,male,2,own,little,rich,0.6422640396993072,0.5263157894736842,radio/TV,good,8.547334348328224
478,0.4395604395604396,male,1,own,moderate,moderate,0.10311338213858726,0.21052631578947367,business,good,6.945051063725834
479,0.5494505494505495,male,2,own,little,little,0.16089356196465712,0.2894736842105263,furniture/equipment,good,7.2991214627108
480,0.08791208791208799,female,1,own,little,moderate,0.43538217134247204,0.21052631578947367,radio/TV,good,8.181440695719374
481,0.1538461538461539,male,2,own,little,moderate,0.12460079595145679,0.5263157894736842,car,good,7.091742115095153
482,0.8351648351648351,female,2,rent,rich,little,0.44180219132314646,0.6842105263157895,furniture/equipment,good,8.195057690895077
483,0.24175824175824184,female,2,own,rich,little,0.09302477931181316,0.2894736842105263,furniture/equipment,good,6.8679744089702925
484,0.5494505494505495,male,2,own,quite rich,little,0.11962200494603581,0.21052631578947367,car,good,7.059617628291383
485,0.6153846153846154,male,3,own,little,moderate,0.12564896247891383,0.05263157894736842,car,bad,7.098375638590786
486,0.7252747252747254,male,2,own,little,little,0.3703958466401349,0.21052631578947367,radio/TV,good,8.032035314398824
487,0.945054945054945,female,2,free,little,little,0.4594900014739842,0.5263157894736842,car,good,8.231642179973411
488,0.3516483516483517,male,1,rent,moderate,little,0.15303231300872927,0.15789473684210525,car,good,7.257707677160043
489,0.1538461538461539,male,2,rent,little,little,0.4281760264662048,0.05263157894736842,car,good,8.165932137321585
490,0.1538461538461539,male,2,own,little,little,0.220639054029709,0.21052631578947367,radio/TV,good,7.5678626054638825
491,0.5054945054945055,female,3,free,little,moderate,1.0,0.6052631578947368,business,bad,8.972511390650263
492,0.1758241758241758,female,2,own,moderate,little,0.12931754532501352,0.05263157894736842,radio/TV,good,7.121252453244542
493,0.4175824175824176,male,2,own,little,moderate,0.015460456279991486,0.05263157894736842,radio/TV,good,5.910796644040527
494,0.4395604395604396,male,1,rent,little,little,0.2452709674249496,0.21052631578947367,car,good,7.660585461703256
495,0.02197802197802201,male,2,own,little,little,0.35978316054963233,0.5263157894736842,furniture/equipment,bad,8.005367067316664
496,0.21978021978021983,male,3,rent,moderate,moderate,1.0,0.8421052631578947,furniture/equipment,bad,8.972511390650263
497,0.4615384615384616,male,2,own,little,little,0.17491278926939516,0.5263157894736842,furniture/equipment,good,7.368970402194793
498,0.28571428571428575,male,1,own,little,moderate,0.1377028775446699,0.3684210526315789,radio/TV,good,7.171656822768514
499,0.19780219780219782,male,2,own,moderate,rich,0.1405853354951768,0.05263157894736842,car,good,7.188412736496954
500,0.1758241758241758,female,2,own,little,little,0.376422804173013,0.5263157894736842,car,bad,8.046869510959576
501,0.5054945054945055,male,2,free,little,little,0.686942137932164,0.8421052631578947,car,good,8.611411866655219
502,0.6593406593406594,male,2,own,moderate,rich,0.11477423475654694,0.13157894736842105,radio/TV,good,7.027314514039777
503,0.4175824175824176,male,2,own,moderate,moderate,0.12656610819043876,0.5263157894736842,radio/TV,bad,7.104144092987527
504,0.10989010989010989,female,2,rent,little,little,0.12538692084704958,0.5263157894736842,car,bad,7.0967213784947605
505,0.1758241758241758,male,1,own,little,little,0.13875104407212696,0.15789473684210525,car,bad,7.177782416195197
506,0.3736263736263737,male,2,own,quite rich,rich,0.2764539216167968,0.2894736842105263,car,good,7.766840537085513
507,0.32967032967032966,male,3,own,moderate,moderate,0.864737385152066,0.2894736842105263,car,bad,8.832149906002899
508,0.19780219780219782,male,2,own,little,little,0.1523772089290686,0.5263157894736842,radio/TV,good,7.254177846456518
509,0.5714285714285714,male,3,own,moderate,little,1.0,0.9210526315789472,car,good,8.972511390650263
510,0.1538461538461539,male,2,own,little,little,0.06668959530945479,0.21052631578947367,car,bad,6.633318433280377
511,0.28571428571428575,male,3,free,little,little,0.5812083394749341,0.8421052631578947,car,good,8.452547997922705
512,0.1538461538461539,male,2,rent,little,rich,0.31929772842660376,0.2894736842105263,business,good,7.89655270164304
513,0.02197802197802201,male,2,rent,little,moderate,0.043891973337263954,0.21052631578947367,radio/TV,good,6.373319789577012
514,0.7692307692307692,male,2,own,little,little,0.26269673594392307,0.5263157894736842,car,good,7.721348612617949
515,0.3956043956043957,female,2,own,little,little,0.0470364729196351,0.05263157894736842,car,good,6.413458957167357
516,0.4615384615384616,male,1,own,little,little,0.14556412650059777,0.05263157894736842,car,good,7.216709486709457
517,0.08791208791208799,female,2,rent,little,little,0.9010301511652664,0.8421052631578947,furniture/equipment,bad,8.871785969150645
518,0.5274725274725276,male,2,own,moderate,little,0.12486283758332103,0.05263157894736842,car,good,7.093404625868766
519,0.3736263736263737,male,2,free,little,little,0.05895936716945904,0.05263157894736842,radio/TV,good,6.55250788703459
520,0.5494505494505495,male,2,free,little,little,0.6887764293552139,0.5263157894736842,repairs,good,8.613956859848546
521,0.10989010989010989,female,2,own,little,little,0.3852011988404658,0.3684210526315789,radio/TV,bad,8.068089626278244
522,0.7472527472527473,male,2,free,little,little,0.8999819846378093,0.9999999999999999,furniture/equipment,bad,8.87066300440602
523,0.08791208791208799,female,2,own,moderate,little,0.4242454019882409,0.5263157894736842,car,good,8.157370441186774
524,0.1538461538461539,female,1,own,little,moderate,0.11307096414942924,0.3684210526315789,radio/TV,good,7.01571242048723
525,0.24175824175824184,male,2,own,little,moderate,1.0,0.5789473684210525,car,good,8.972511390650263
526,0.26373626373626374,female,2,own,moderate,little,0.1679686860249922,0.2894736842105263,education,good,7.334981878871814
527,0.5054945054945055,male,1,own,little,little,0.1641690823629604,0.0,radio/TV,good,7.315883504509785
528,0.26373626373626374,male,2,rent,little,little,0.2688547142927332,0.8421052631578947,radio/TV,bad,7.741967899820685
529,0.4835164835164835,male,1,own,little,little,0.05398057616403806,0.05263157894736842,car,good,6.4967749901858625
530,0.28571428571428575,male,2,own,little,moderate,0.2650551106307014,0.8421052631578947,education,good,7.729295674310482
531,0.19780219780219782,female,2,rent,moderate,moderate,0.3119605627344044,0.2894736842105263,car,bad,7.875499292445208
532,0.4835164835164835,male,2,rent,little,little,0.1641690823629604,0.21052631578947367,car,good,7.315883504509785
533,0.1538461538461539,male,2,own,moderate,little,0.1390130857039912,0.5263157894736842,radio/TV,good,7.179307969504034
534,0.1318681318681319,male,2,own,little,little,0.37406442948623464,0.5263157894736842,radio/TV,good,8.041091003708633
535,0.30769230769230776,male,2,rent,little,rich,0.2710820681635795,0.4473684210526315,education,bad,7.749322464660356
536,1.0,female,3,own,little,little,0.1472673971077155,0.05263157894736842,car,good,7.226209010100671
537,0.3956043956043957,female,2,own,little,moderate,0.4404919831638251,0.3684210526315789,furniture/equipment,good,8.19229373114764
538,0.5054945054945055,male,3,free,little,little,0.9843593900981018,0.9999999999999999,car,bad,8.957252944288902
539,0.5714285714285714,female,1,own,little,rich,0.3667272637940353,0.3684210526315789,furniture/equipment,good,8.022896869601457
540,0.08791208791208799,male,2,rent,little,moderate,0.16823072765685648,0.21052631578947367,radio/TV,bad,7.336285660021297
541,0.9010989010989012,male,2,free,little,little,0.23347909399105785,0.5263157894736842,car,good,7.617267813628347
542,0.26373626373626374,male,2,own,little,little,0.7992269771860004,0.6842105263157895,furniture/equipment,bad,8.756367559802975
543,0.32967032967032966,male,1,own,little,rich,0.34248841284659104,0.3684210526315789,furniture/equipment,bad,7.96032362914884
544,0.9230769230769231,male,1,own,little,little,0.13167592001179187,0.21052631578947367,car,good,7.135687347028144
545,0.5274725274725276,male,2,free,little,little,0.1418955436544981,0.5263157894736842,car,bad,7.195937226475569
546,0.3956043956043957,female,2,own,little,little,0.23216888583173653,0.5263157894736842,car,good,7.612336837167746
547,0.28571428571428575,male,2,own,little,little,0.17058910234363484,0.5263157894736842,radio/TV,good,7.347943823148687
548,0.10989010989010989,female,1,own,little,little,0.04926382679048133,0.21052631578947367,radio/TV,bad,6.440946540632921
549,0.3516483516483517,male,2,free,little,little,1.0,0.9999999999999999,car,good,8.972511390650263
550,0.08791208791208799,female,2,own,little,little,0.0977415286853699,0.21052631578947367,repairs,good,6.904750769961838
551,0.5714285714285714,male,1,own,quite rich,little,0.19653122389819683,0.05263157894736842,radio/TV,good,7.467942332285852
552,0.32967032967032966,male,2,own,little,little,0.8842594867259536,0.9999999999999999,radio/TV,bad,8.85366542803745
553,0.1758241758241758,male,2,own,moderate,moderate,0.22863132380156895,0.21052631578947367,car,good,7.59890045687141
554,1.0,female,3,own,little,moderate,0.12433875431959251,0.13157894736842105,education,good,7.090076835776092
555,0.06593406593406598,male,2,own,little,moderate,0.14163350202263383,0.21052631578947367,radio/TV,bad,7.194436851100335
556,0.19780219780219782,female,2,own,moderate,moderate,0.26571021471036216,0.3684210526315789,car,bad,7.731492029245684
557,0.21978021978021983,female,2,own,little,little,0.6227419381254197,0.4473684210526315,car,bad,8.517992871586802
558,0.1758241758241758,male,2,own,little,little,0.4326307342078973,0.5263157894736842,furniture/equipment,bad,8.175547596021026
559,0.26373626373626374,male,1,own,little,moderate,0.21985292913411617,0.3684210526315789,furniture/equipment,bad,7.564757012905729
560,0.6593406593406594,male,2,free,little,little,0.3555904944398042,0.5263157894736842,car,good,7.994632311431825
561,0.10989010989010989,male,1,rent,little,little,0.16980297744804204,0.5263157894736842,radio/TV,bad,7.344072850573066
562,0.21978021978021983,female,2,own,little,rich,0.05673201329861281,0.05263157894736842,radio/TV,good,6.52795791762255
563,0.3956043956043957,male,2,free,little,moderate,1.0,0.8421052631578947,car,bad,8.972511390650263
564,0.3956043956043957,male,3,own,little,moderate,0.5846148806891696,0.5263157894736842,business,good,8.45807992692373
565,0.08791208791208799,female,2,rent,moderate,moderate,0.17072012315956697,0.5263157894736842,radio/TV,good,7.348587530927593
566,0.3736263736263737,male,2,own,little,little,0.14700535547585122,0.21052631578947367,car,bad,7.224753405767971
567,0.32967032967032966,male,2,own,rich,little,0.30501645949000145,0.5263157894736842,radio/TV,good,7.8551570058813445
568,0.4835164835164835,male,2,own,little,moderate,0.4885766226109173,0.9999999999999999,radio/TV,good,8.289037098278483
569,0.26373626373626374,female,2,own,little,little,0.85268347008631,0.9999999999999999,radio/TV,bad,8.818630229100354
570,0.08791208791208799,female,1,rent,little,little,0.3909661147414796,0.5263157894736842,furniture/equipment,bad,8.081784206935001
571,0.4175824175824176,male,2,own,little,little,0.7473427340768765,0.6842105263157895,radio/TV,good,8.691986481789401
572,0.1538461538461539,female,3,rent,little,little,0.6790808889762361,0.5263157894736842,car,good,8.600430789986293
573,0.06593406593406598,female,1,own,little,little,0.07284757365826496,0.2894736842105263,business,good,6.693323668269949
574,0.1758241758241758,male,1,own,little,moderate,0.10900931885553317,0.13157894736842105,radio/TV,good,6.9874902470009905
575,0.10989010989010989,female,2,own,little,little,0.33253083083574897,0.2894736842105263,furniture/equipment,good,7.933438387627489
576,0.1758241758241758,female,2,own,little,moderate,0.35113578669811163,0.21052631578947367,radio/TV,good,7.983098940710892
577,0.30769230769230776,female,2,own,little,little,0.21972190831818403,0.5263157894736842,education,good,7.564238475170491
578,0.1758241758241758,male,2,own,little,moderate,0.33672349694557724,0.8421052631578947,car,bad,7.944846711001996
579,0.1758241758241758,male,1,own,little,little,0.09001130054537415,0.5263157894736842,education,good,6.843749949006225
580,0.24175824175824184,male,2,own,little,moderate,0.10560277764129775,0.3684210526315789,car,bad,6.963189985870238
581,0.6593406593406594,male,1,own,little,moderate,0.3765538249889451,0.21052631578947367,car,good,8.047189562170502
582,0.1538461538461539,female,2,rent,little,little,0.14910168853076533,0.13157894736842105,furniture/equipment,good,7.236339342754344
583,0.30769230769230776,male,1,rent,little,moderate,0.279598421199168,0.8421052631578947,repairs,bad,7.776954403322442
584,0.7252747252747254,female,3,free,little,little,0.24671219640020306,0.21052631578947367,car,good,7.665753431861699
585,0.02197802197802201,female,2,rent,little,little,0.23439623970258275,0.3684210526315789,furniture/equipment,bad,7.620705086838262
586,0.3736263736263737,male,2,rent,little,little,0.3339720598110024,0.13157894736842105,car,good,7.937374696163295
587,0.043956043956043966,male,1,own,little,little,0.13613062775348433,0.21052631578947367,furniture/equipment,good,7.162397497355718
588,0.6153846153846154,male,1,own,little,little,0.1266971290063709,0.3684210526315789,domestic appliances,bad,7.1049654482698426
589,0.9010989010989012,male,2,own,little,little,0.2615175486005339,0.21052631578947367,furniture/equipment,bad,7.717351272185329
590,0.8571428571428572,female,1,own,little,little,0.017687810150837716,0.21052631578947367,radio/TV,good,5.955837369464831
591,0.5054945054945055,female,2,rent,little,moderate,0.224700699323605,0.5263157894736842,car,good,7.583756300707112
592,0.3736263736263737,female,1,own,rich,little,0.17320951866227746,0.4473684210526315,business,good,7.360739903058278
593,0.02197802197802201,female,1,rent,little,moderate,0.32335937372049983,0.5263157894736842,car,bad,7.908019444632471
594,0.4615384615384616,male,3,own,little,little,0.1451710640528014,0.5263157894736842,vacation/others,bad,7.214504414151143
595,0.28571428571428575,female,1,own,moderate,moderate,0.08922517564978136,0.05263157894736842,car,bad,6.837332814685591
596,0.08791208791208799,female,2,rent,little,little,0.15617681259110042,0.5263157894736842,car,bad,7.274479558773871
597,0.3736263736263737,male,1,own,little,moderate,0.5229040763851357,0.5263157894736842,business,bad,8.352790135124629
598,0.26373626373626374,male,2,own,little,little,0.33082756022863136,0.3684210526315789,car,bad,7.9287663216266955
599,0.28571428571428575,male,2,free,little,little,0.47337820796279007,0.5263157894736842,business,good,8.259458195332408
600,0.5714285714285714,female,2,own,little,moderate,0.27239227632290075,0.07894736842105263,radio/TV,good,7.753623546559746
601,0.24175824175824184,female,2,own,little,moderate,0.08752190504266365,0.13157894736842105,furniture/equipment,bad,6.823286122355687
602,0.32967032967032966,female,1,free,little,moderate,0.20793003488429224,0.5263157894736842,education,bad,7.516433302915632
603,0.19780219780219782,female,3,own,little,little,0.4060335085736746,0.8421052631578947,furniture/equipment,bad,8.116715624819111
604,0.08791208791208799,female,2,own,little,rich,0.1342963363304345,0.15789473684210525,furniture/equipment,good,7.151485463904735
605,0.06593406593406598,male,2,own,quite rich,little,0.3377716634730342,0.5263157894736842,furniture/equipment,good,7.947678571301568
606,1.0,male,3,own,little,little,0.5602450089257931,0.5263157894736842,business,good,8.417814747435958
607,0.6813186813186813,female,2,free,moderate,moderate,0.3172013953716897,0.8421052631578947,radio/TV,bad,7.890582534656536
608,0.30769230769230776,male,2,own,little,little,0.23596848949376834,0.3684210526315789,radio/TV,good,7.62657020629066
609,0.5714285714285714,male,2,free,little,little,0.13757185672873778,0.2894736842105263,car,good,7.170888478512505
610,0.06593406593406598,female,2,own,moderate,little,0.06433122062267643,0.21052631578947367,domestic appliances,bad,6.60934924316738
611,0.6373626373626373,female,1,free,moderate,rich,0.1297106077728099,0.15789473684210525,car,bad,7.123672785204607
612,0.21978021978021983,female,2,own,rich,little,0.4070816751011317,0.4473684210526315,radio/TV,good,8.119100837637486
613,0.06593406593406598,female,2,rent,little,little,0.4431123994824677,0.5263157894736842,car,good,8.197814032221203
614,0.06593406593406598,female,2,own,little,little,0.20413043122226043,0.3684210526315789,furniture/equipment,bad,7.500529485395295
615,0.6373626373626373,male,3,own,little,moderate,1.0,0.9999999999999999,business,good,8.972511390650263
616,0.1758241758241758,male,3,free,little,moderate,1.0,0.9999999999999999,radio/TV,good,8.972511390650263
617,0.3956043956043957,male,2,rent,little,little,0.4488773153834815,0.05263157894736842,car,good,8.209852481301272
618,0.043956043956043966,female,2,rent,moderate,moderate,0.41808742363943074,0.6842105263157895,furniture/equipment,bad,8.143807976771484
619,0.6593406593406594,male,1,own,little,little,0.05109811821353118,0.21052631578947367,car,good,6.46302945692067
620,0.1758241758241758,male,2,own,little,moderate,0.44573281580111035,0.4473684210526315,business,good,8.203304026795282
621,0.28571428571428575,male,2,own,little,little,0.16770664439312796,0.3684210526315789,car,bad,7.333676395657684
622,0.4175824175824176,male,2,own,little,little,0.48006026957532877,0.9999999999999999,business,bad,8.272570608424903
623,0.06593406593406598,female,2,rent,little,little,0.210681472018867,0.21052631578947367,furniture/equipment,good,7.527793987721444
624,1.0,male,2,free,little,little,0.30789891744050835,0.3684210526315789,radio/TV,bad,7.8636512654486515
625,0.3516483516483517,male,2,own,little,little,0.22653499074665487,0.2894736842105263,radio/TV,good,7.590852123688581
626,0.4835164835164835,male,2,own,little,rich,0.24448484252935684,0.05263157894736842,furniture/equipment,good,7.6577552711348655
627,0.21978021978021983,male,2,own,moderate,moderate,0.15552170851143976,0.13157894736842105,car,bad,7.271008538280992
628,0.3736263736263737,male,2,own,quite rich,little,0.4968309340146416,0.9999999999999999,furniture/equipment,good,8.304742269640771
629,0.989010989010989,male,1,own,little,little,0.469316562668894,0.13157894736842105,education,good,8.251403065380556
630,0.19780219780219782,female,2,own,little,little,0.44678098232856744,0.5263157894736842,radio/TV,good,8.205491613120236
631,0.5494505494505495,male,2,own,little,little,0.17072012315956697,0.3684210526315789,furniture/equipment,bad,7.348587530927593
632,0.08791208791208799,male,2,own,little,moderate,0.15643885422296466,0.2894736842105263,radio/TV,good,7.275864600546533
633,0.0,female,2,rent,little,little,0.226666011562587,0.13157894736842105,furniture/equipment,bad,7.591357046698551
634,0.1318681318681319,female,1,own,little,moderate,0.14477800160500498,0.5263157894736842,car,bad,7.212294468500341
635,0.6153846153846154,male,2,own,little,little,0.149756792610426,0.21052631578947367,education,good,7.2399325913204695
636,0.19780219780219782,female,2,own,quite rich,little,0.14752943873957974,0.5263157894736842,radio/TV,good,7.227662498728655
637,0.043956043956043966,male,2,own,little,little,1.0,0.9999999999999999,radio/TV,good,8.972511390650263
638,0.32967032967032966,female,2,own,little,little,0.1628588742036391,0.21052631578947367,radio/TV,good,7.309212365692763
639,0.1538461538461539,male,2,own,little,little,0.5398057616403806,0.9999999999999999,radio/TV,bad,8.382747094863314
640,0.1758241758241758,female,0,own,little,little,0.06551040796606561,0.3684210526315789,education,bad,6.621405651764134
641,0.4175824175824176,male,1,own,little,moderate,0.13862002325619482,0.2894736842105263,repairs,good,7.1770187659099
642,0.4615384615384616,male,3,own,moderate,little,0.5729540280712099,0.2894736842105263,education,bad,8.439015410352214
643,0.30769230769230776,male,2,own,little,little,0.20976432630734207,0.5263157894736842,radio/TV,good,7.524021415206125
644,0.28571428571428575,male,3,own,little,little,0.21356392996937387,0.3684210526315789,radio/TV,good,7.53955882930103
645,0.1758241758241758,male,2,rent,little,little,1.0,0.8421052631578947,business,bad,8.972511390650263
646,0.28571428571428575,male,2,own,little,little,0.5677131954339246,0.6842105263157895,furniture/equipment,good,8.430327258394575
647,0.1538461538461539,female,2,own,quite rich,little,0.14883964689890106,0.21052631578947367,car,bad,7.234898420314831
648,0.4175824175824176,male,2,free,little,rich,0.09132150870469545,0.5263157894736842,car,bad,6.854354502255021
649,0.4615384615384616,male,1,rent,little,little,0.05686303411454495,0.21052631578947367,education,bad,6.529418838262226
650,0.6813186813186813,male,3,free,little,little,0.9467564159255802,0.9999999999999999,education,good,8.919586920999915
651,0.3956043956043957,male,1,own,little,moderate,0.2190668042385234,0.21052631578947367,furniture/equipment,bad,7.56164174558878
652,0.5714285714285714,male,2,own,little,little,0.2689857351086654,0.5263157894736842,car,bad,7.742402021815781
653,0.5054945054945055,male,3,own,moderate,moderate,1.0,0.8421052631578947,car,bad,8.972511390650263
654,0.3516483516483517,male,2,own,little,little,0.274619630193747,0.5263157894736842,car,good,7.760893195851024
655,0.06593406593406598,male,2,free,little,little,0.48779049771532457,0.2631578947368421,car,good,8.287528423111763
656,0.4835164835164835,male,1,own,little,moderate,0.08359128056469972,0.21052631578947367,car,bad,6.790097235513905
657,0.3956043956043957,male,2,own,little,little,1.0,0.9999999999999999,radio/TV,good,8.972511390650263
658,0.19780219780219782,female,2,own,little,moderate,0.5202836600664931,0.6842105263157895,business,good,8.348064228408266
659,0.4835164835164835,male,2,own,little,moderate,0.8006682061612539,0.3684210526315789,furniture/equipment,good,8.758098072309089
660,0.08791208791208799,male,2,rent,little,rich,0.13717879428094137,0.21052631578947367,radio/TV,good,7.168579897264035
661,0.08791208791208799,male,2,own,little,little,0.0851635303558853,0.21052631578947367,car,bad,6.803505257608338
662,0.6813186813186813,male,2,own,little,little,0.26086244452087326,0.4473684210526315,furniture/equipment,good,7.715123603632105
663,0.3516483516483517,male,3,own,little,moderate,0.10481665274570498,0.05263157894736842,furniture/equipment,good,6.957497370876951
664,0.6813186813186813,female,1,own,little,rich,0.10442359029790857,0.05263157894736842,education,good,6.954638864880987
665,0.1758241758241758,male,3,own,little,little,0.7945102278124437,0.5263157894736842,vacation/others,good,8.750683034784592
666,0.32967032967032966,male,2,own,rich,moderate,0.4252935685156979,0.6842105263157895,furniture/equipment,good,8.159660737063376
667,0.1758241758241758,female,2,own,little,little,0.44009892071602874,0.9999999999999999,business,good,8.191463051326927
668,0.5274725274725276,male,2,rent,little,little,0.6017786075762787,0.21052631578947367,car,bad,8.485496104672983
669,0.6153846153846154,male,2,own,little,rich,0.36253459768420704,0.6842105263157895,radio/TV,good,8.012349639327795
670,0.1758241758241758,male,1,own,moderate,little,0.5095399531600583,0.5263157894736842,business,good,8.32845106681936
671,0.26373626373626374,male,2,own,moderate,little,0.7195663210992647,0.8421052631578947,business,good,8.655737000864297
672,0.5054945054945055,male,3,own,little,little,1.0,0.9999999999999999,car,good,8.972511390650263
673,0.10989010989010989,male,2,own,quite rich,little,0.23976809315580014,0.05263157894736842,car,good,7.640603826393634
674,0.4835164835164835,male,1,own,quite rich,little,0.3052785011218657,0.4473684210526315,business,bad,7.855932199718614
675,0.1538461538461539,female,3,rent,little,little,0.5607690921895216,0.6842105263157895,radio/TV,good,8.418697944667139
676,0.30769230769230776,male,2,own,little,little,0.642001998067443,0.5263157894736842,furniture/equipment,good,8.546946149565585
677,0.10989010989010989,male,2,own,moderate,moderate,0.7003062611572414,0.9999999999999999,radio/TV,bad,8.629807335785372
678,0.989010989010989,male,1,rent,little,little,0.279598421199168,0.5263157894736842,radio/TV,good,7.776954403322442
679,0.1538461538461539,female,2,own,little,little,0.15761804156635384,0.3684210526315789,radio/TV,good,7.282073658093465
680,0.8131868131868132,female,2,own,little,little,0.168754810920585,0.05263157894736842,education,good,7.338888133838879
681,0.3956043956043957,male,2,free,little,little,0.26584123552629424,0.21052631578947367,radio/TV,good,7.731930721948486
682,0.30769230769230776,male,2,own,little,little,0.16089356196465712,0.2894736842105263,radio/TV,good,7.2991214627108
683,0.6153846153846154,male,2,free,little,little,0.6358440197186328,0.5263157894736842,radio/TV,good,8.537779825024625
684,0.26373626373626374,male,1,own,moderate,moderate,1.0,0.8421052631578947,business,good,8.972511390650263
685,0.32967032967032966,male,2,free,little,little,0.8224176616059876,0.9999999999999999,car,good,8.783855896643942
686,0.1758241758241758,male,2,own,little,rich,0.14372983507754794,0.15789473684210525,radio/TV,good,7.206377291472252
687,0.24175824175824184,male,2,free,moderate,moderate,0.34222637121472677,0.8421052631578947,car,good,7.959625305098115
688,0.3516483516483517,male,2,own,moderate,little,0.32794510227812446,0.13157894736842105,radio/TV,good,7.9208096792886
689,0.26373626373626374,male,2,own,rich,little,0.44560179498517827,0.21052631578947367,car,good,8.20303024171486
690,0.1318681318681319,male,2,own,little,little,0.09499009155079513,0.2894736842105263,furniture/equipment,good,6.883462586413092
691,0.1318681318681319,female,1,own,moderate,moderate,0.3119605627344044,0.2894736842105263,repairs,good,7.875499292445208
692,0.21978021978021983,male,2,own,moderate,moderate,0.3466810789564192,0.5263157894736842,radio/TV,good,7.9714309977693505
693,0.5494505494505495,male,1,own,little,little,0.585138963952898,0.05263157894736842,car,good,8.458928283284262
694,0.19780219780219782,male,2,own,little,little,0.26649633960595487,0.5263157894736842,radio/TV,good,7.734121303328305
695,0.6813186813186813,male,2,rent,quite rich,little,0.12918652450908139,0.05263157894736842,car,good,7.1204443723924875
696,0.21978021978021983,male,2,own,little,moderate,0.11176075599010793,0.21052631578947367,radio/TV,good,7.00669522683704
697,0.4175824175824176,female,0,own,little,little,0.0885700715701207,0.21052631578947367,car,good,6.831953565565855
698,0.10989010989010989,male,2,own,little,little,0.2030822646948034,0.3684210526315789,radio/TV,good,7.496097345175956
699,0.4615384615384616,male,3,rent,little,rich,0.21683945036767716,0.2894736842105263,education,good,7.552762084214147
700,0.21978021978021983,female,1,rent,quite rich,little,0.11438117230875056,0.21052631578947367,furniture/equipment,bad,7.024649030453636
701,0.5934065934065935,male,2,free,little,little,0.7967375816832899,0.9999999999999999,car,bad,8.753371421000903
702,0.6153846153846154,female,2,free,moderate,rich,0.14766045955551188,0.5263157894736842,radio/TV,good,7.228388451573604
703,0.4835164835164835,male,2,own,moderate,moderate,0.2951898982950917,0.6842105263157895,business,good,7.825644732219989
704,0.28571428571428575,female,2,own,little,moderate,0.29846541869339493,0.6052631578947368,business,good,7.835579246669965
705,0.3516483516483517,female,2,free,quite rich,little,0.6647996200396338,0.2894736842105263,car,good,8.580167990577626
706,0.10989010989010989,male,2,own,moderate,moderate,0.826741348531748,0.9999999999999999,car,bad,8.788898309344878
707,0.1318681318681319,female,2,rent,little,moderate,0.3562455985194648,0.21052631578947367,furniture/equipment,bad,7.996317231796746
708,0.1318681318681319,female,2,own,little,moderate,0.12525590003111745,0.13157894736842105,radio/TV,good,7.095893221097532
709,0.3956043956043957,male,1,own,little,moderate,0.24474688416122112,0.13157894736842105,radio/TV,good,7.6586995582682995
710,0.28571428571428575,male,3,own,quite rich,little,0.04965688923827773,0.3684210526315789,radio/TV,good,6.4457198193855785
711,0.3516483516483517,female,2,free,little,little,0.12420773350366038,0.05263157894736842,education,bad,7.089243155027514
712,0.5934065934065935,male,3,own,little,little,0.29165233626492404,0.4473684210526315,car,good,7.814803429489359
713,0.1318681318681319,male,1,own,little,little,0.11634648454773253,0.13157894736842105,radio/TV,good,7.037905963447182
714,0.1758241758241758,male,3,own,little,moderate,1.0,0.9999999999999999,car,bad,8.972511390650263
715,0.9670329670329672,male,2,own,little,little,0.9624789138374359,0.6842105263157895,car,good,8.935508711503221
716,0.4615384615384616,male,2,own,little,little,0.3703958466401349,0.6842105263157895,radio/TV,good,8.032035314398824
717,0.28571428571428575,male,3,free,little,little,0.16443112399482468,0.3684210526315789,radio/TV,good,7.317212408359839
718,0.26373626373626374,male,2,own,little,rich,0.37969832457131625,0.5263157894736842,radio/TV,good,8.054840221101024
719,0.26373626373626374,male,2,own,moderate,moderate,0.7727607723677099,0.42105263157894735,car,good,8.724044745953469
720,0.32967032967032966,male,3,own,little,rich,0.14241962691822663,0.13157894736842105,radio/TV,bad,7.198931240688173
721,0.10989010989010989,female,2,rent,rich,moderate,0.02397680931558001,0.05263157894736842,education,bad,6.073044534100405
722,0.10989010989010989,female,1,own,little,little,0.12813835798162432,0.21052631578947367,car,bad,7.113956109566034
723,1.0,female,1,own,quite rich,moderate,0.07075124060335086,0.13157894736842105,radio/TV,good,6.673297967767654
724,0.043956043956043966,female,2,rent,little,little,0.30396829296254446,0.6052631578947368,car,bad,7.852050207265889
725,0.4835164835164835,female,1,own,rich,little,0.0,0.05263157894736842,car,good,5.5254529391317835
726,0.6153846153846154,male,1,own,quite rich,little,0.13966818978365186,0.2894736842105263,radio/TV,good,7.183111701743281
727,0.1318681318681319,female,2,rent,little,little,0.21382597160123815,0.3684210526315789,radio/TV,bad,7.5406215286571525
728,0.8791208791208791,female,2,rent,little,moderate,0.8078743510375211,0.9999999999999999,business,bad,8.766705997750515
729,0.3736263736263737,male,2,own,rich,rich,0.1342963363304345,0.5263157894736842,business,good,7.151485463904735
730,0.30769230769230776,male,2,own,little,moderate,0.8061710804304034,0.5263157894736842,radio/TV,good,8.764678074116606
731,0.043956043956043966,male,1,rent,little,little,0.2275831572741119,0.5263157894736842,radio/TV,bad,7.59488438721652
732,0.5494505494505495,female,1,own,little,moderate,0.06682061612538692,0.10526315789473684,radio/TV,good,6.634633357861686
733,0.19780219780219782,female,2,rent,rich,little,0.3082919798883047,0.5263157894736842,car,good,7.86480400332846
734,0.3956043956043957,female,2,own,little,little,0.41009515386757067,0.0,car,good,8.125926802707886
735,0.21978021978021983,female,0,own,little,moderate,0.4900178515861707,0.8421052631578947,domestic appliances,good,8.291797105048733
736,0.08791208791208799,female,3,rent,little,moderate,1.0,0.5263157894736842,car,bad,8.972511390650263
737,0.3516483516483517,male,1,own,moderate,little,0.541115969799702,0.3684210526315789,car,good,8.385032287813898
738,0.5714285714285714,male,3,own,little,little,0.8530765325341064,0.05263157894736842,car,good,8.819073983267831
739,0.1538461538461539,female,1,rent,moderate,moderate,0.5280138882064889,0.6842105263157895,business,bad,8.361941906144946
740,0.28571428571428575,male,2,own,moderate,little,0.2718681930591723,0.5263157894736842,car,good,7.75190533307861
741,0.08791208791208799,male,1,own,little,moderate,0.1045546111138407,0.15789473684210525,radio/TV,good,6.955592608396297
742,0.4835164835164835,male,2,own,little,little,0.3812705743625019,0.4473684210526315,radio/TV,good,8.058643712215618
743,0.06593406593406598,male,2,own,quite rich,little,0.29256948197644905,0.5263157894736842,furniture/equipment,good,7.81762544305337
744,0.24175824175824184,male,3,own,little,little,1.0,0.9210526315789472,furniture/equipment,good,8.972511390650263
745,0.19780219780219782,male,1,own,little,little,0.20268920224700698,0.23684210526315785,business,good,7.494430215031565
746,0.08791208791208799,female,2,rent,little,little,0.29623806482254866,0.2894736842105263,car,good,7.828834527588089
747,0.3956043956043957,female,1,own,little,little,0.13416531551450236,0.21052631578947367,car,bad,7.150701457592526
748,0.1538461538461539,male,2,own,little,little,0.6548420380287918,0.4473684210526315,car,good,8.5657928612523
749,0.30769230769230776,male,2,own,little,little,0.3641068474753927,0.2894736842105263,car,good,8.016317898503415
750,0.6593406593406594,female,2,own,little,little,0.02332170523591936,0.05263157894736842,furniture/equipment,good,6.061456918928017
751,0.08791208791208799,female,1,own,little,little,0.09512111236672727,0.3684210526315789,car,bad,6.884486652042782
752,0.08791208791208799,female,1,rent,moderate,moderate,0.07743330221588955,0.21052631578947367,business,good,6.7357800142423265
753,0.1318681318681319,female,2,own,little,little,0.7233659247612965,0.6842105263157895,radio/TV,good,8.660773919893762
754,0.7912087912087913,male,2,free,rich,little,0.17098216479143125,0.21052631578947367,repairs,bad,7.349873704738337
755,0.28571428571428575,female,2,rent,little,little,0.13560654448975581,0.5263157894736842,car,bad,7.1592919047975645
756,1.0,male,0,own,little,rich,0.13744083591280565,0.05263157894736842,car,good,7.170119543449628
757,0.4395604395604396,male,2,free,little,rich,0.13377225306670598,0.2894736842105263,radio/TV,bad,7.148345743900068
758,0.26373626373626374,male,2,own,little,little,0.149756792610426,0.5263157894736842,car,good,7.2399325913204695
759,0.3516483516483517,male,2,own,little,little,0.057780179826069866,0.21052631578947367,car,bad,6.539585955617669
760,0.8791208791208791,female,2,own,little,little,0.6282448123945692,0.2894736842105263,car,good,8.526351129201004
761,0.10989010989010989,female,2,rent,little,little,0.24553300905681388,0.3684210526315789,furniture/equipment,bad,7.661527081358517
762,0.10989010989010989,male,1,own,little,little,0.25732488249070573,0.21052631578947367,radio/TV,good,7.703007682479236
763,0.24175824175824184,male,3,free,little,little,1.0,0.4473684210526315,car,bad,8.972511390650263
764,0.1758241758241758,male,2,own,moderate,little,0.2899490656578064,0.5263157894736842,car,good,7.80954132465341
765,0.4615384615384616,male,1,own,little,moderate,0.11857383841857874,0.21052631578947367,radio/TV,good,7.052721049232323
766,0.26373626373626374,male,1,own,little,little,0.374457491934031,0.6842105263157895,furniture/equipment,bad,8.042056410058754
767,0.26373626373626374,female,2,rent,little,little,0.3473361830360798,0.15789473684210525,car,good,7.973155433444133
768,0.19780219780219782,male,2,rent,little,moderate,0.44114708724348584,0.21052631578947367,furniture/equipment,good,8.193676665955241
769,0.9670329670329672,male,1,own,little,little,0.18408424638464435,0.21052631578947367,radio/TV,good,7.412160334945205
770,0.1538461538461539,female,2,rent,little,little,0.33567533041812014,0.5263157894736842,car,good,7.9420068084898565
771,0.1318681318681319,female,3,own,little,little,1.0,0.8421052631578947,education,bad,8.972511390650263
772,0.3736263736263737,male,3,own,little,little,0.3963379681946969,0.4473684210526315,car,good,8.09437844497296
773,0.7252747252747254,male,2,own,moderate,little,0.2585040698340949,0.5263157894736842,radio/TV,good,7.707062655370473
774,1.0,male,0,free,quite rich,rich,0.1611556035965214,0.21052631578947367,car,good,7.300472814267799
775,0.1318681318681319,female,2,rent,little,little,0.1468743346599191,0.5263157894736842,car,bad,7.22402480828583
776,0.3956043956043957,male,2,own,little,little,0.43040338033705106,0.8421052631578947,car,good,8.170751423757533
777,0.1318681318681319,female,2,own,little,little,0.4269968391228156,0.3684210526315789,radio/TV,good,8.163371316459912
778,0.4175824175824176,male,3,own,rich,little,0.7155046758053686,0.8421052631578947,car,good,8.65032450401942
779,1.0,female,2,own,little,moderate,0.47455739530617924,0.3684210526315789,repairs,good,8.261784679514752
780,0.1318681318681319,male,2,own,little,moderate,0.6135704810101705,0.9210526315789472,radio/TV,bad,8.503905297089302
781,0.9010989010989012,male,2,own,rich,little,0.22142517892530175,0.5263157894736842,car,good,7.57095858316901
782,0.26373626373626374,male,1,own,little,moderate,0.1519841464812722,0.21052631578947367,education,good,7.2520539518528135
783,0.08791208791208799,female,1,own,moderate,moderate,0.0767781981362289,0.21052631578947367,car,bad,6.729824070489475
784,0.9010989010989012,male,3,own,little,moderate,0.8146874334659919,0.42105263157894735,car,good,8.774776816043985
785,0.3516483516483517,male,1,own,rich,moderate,0.2215561997412339,0.3684210526315789,business,good,7.571473648851271
786,0.4615384615384616,male,2,own,quite rich,little,0.3177254786354182,0.4736842105263158,radio/TV,good,7.892078421248119
787,0.4175824175824176,male,2,own,little,little,0.3276830606462602,0.9999999999999999,car,good,7.920083199053234
788,0.6813186813186813,male,2,free,little,moderate,0.7827183543785519,0.9999999999999999,education,bad,8.736328721332908
789,0.1758241758241758,male,2,own,little,little,0.7531076499778903,0.9473684210526315,education,bad,8.699348067653093
790,0.4395604395604396,female,2,own,little,moderate,0.12289752534433909,0.4473684210526315,business,bad,7.080867896690782
791,0.4835164835164835,male,3,own,little,little,0.7943792069965115,0.5263157894736842,car,good,8.750524669117937
792,0.1758241758241758,male,2,own,little,little,0.12722121227009942,0.05263157894736842,furniture/equipment,good,7.108244139731541
793,0.7032967032967032,male,2,free,little,rich,0.34615699569269065,0.5263157894736842,furniture/equipment,good,7.970049304976135
794,0.28571428571428575,male,2,rent,quite rich,little,0.36843053440115303,0.5263157894736842,furniture/equipment,good,8.027150106832774
795,0.06593406593406598,female,2,rent,moderate,little,0.26872369347680114,0.13157894736842105,furniture/equipment,good,7.741533589281828
796,0.7032967032967032,male,2,free,little,little,0.9513421444832048,0.3684210526315789,car,bad,8.9242570208881
797,0.06593406593406598,female,1,rent,little,little,0.13206898245958826,0.21052631578947367,furniture/equipment,good,7.138073034044347
798,0.7692307692307692,male,2,own,little,little,0.06118672104030527,0.5263157894736842,car,good,6.576469569048224
799,0.3516483516483517,male,0,own,little,moderate,0.17019603989583845,0.13157894736842105,car,good,7.346010209913293
800,0.7692307692307692,male,2,free,little,little,0.17648503906058075,0.5263157894736842,education,good,7.37650812632622
801,0.6373626373626373,female,1,rent,little,moderate,0.20242716061514274,0.3684210526315789,radio/TV,good,7.493317248862145
802,0.10989010989010989,female,2,own,little,little,0.5269657216790318,0.42105263157894735,furniture/equipment,good,8.360071435644025
803,0.3516483516483517,male,2,own,little,little,0.09512111236672727,0.21052631578947367,radio/TV,good,6.884486652042782
804,0.10989010989010989,female,0,rent,little,moderate,0.9462323326618517,0.21052631578947367,car,good,8.91905180393029
805,0.10989010989010989,male,2,own,little,little,1.0,0.8421052631578947,car,bad,8.972511390650263
806,0.1538461538461539,male,1,own,little,moderate,0.04454707741692461,0.05263157894736842,radio/TV,good,6.3818160174060985
807,1.0,male,2,own,little,little,0.08909415483384922,0.21052631578947367,radio/TV,good,6.836259277277067
808,0.7912087912087913,male,3,free,little,moderate,1.0,0.9999999999999999,car,good,8.972511390650263
809,0.1538461538461539,female,0,rent,little,moderate,0.2001998067442965,0.2894736842105263,car,bad,7.483806687665835
810,0.1538461538461539,male,2,own,little,moderate,0.08608067606741021,0.10526315789473684,business,good,6.811244378601294
811,0.19780219780219782,male,1,own,little,moderate,0.030658870928118698,0.05263157894736842,radio/TV,good,6.184148890937483
812,0.10989010989010989,male,2,own,little,little,1.0,0.8421052631578947,car,bad,8.972511390650263
813,0.7692307692307692,male,2,own,little,little,0.3669893054258996,0.9999999999999999,domestic appliances,bad,8.023552392404348
814,0.5934065934065935,male,2,free,little,little,0.48228762344617504,0.9999999999999999,car,bad,8.276903481267057
815,0.7692307692307692,female,2,rent,little,moderate,0.9409915000245664,0.8421052631578947,car,good,8.913684824725294
816,0.945054945054945,male,2,own,quite rich,little,0.14255064773415876,0.05263157894736842,domestic appliances,good,7.199678345691172
817,0.10989010989010989,female,2,rent,little,little,0.1708511439754991,0.05263157894736842,radio/TV,good,7.349230824613334
818,0.5274725274725276,male,3,own,little,little,1.0,0.8421052631578947,vacation/others,good,8.972511390650263
819,0.1538461538461539,male,2,own,little,little,0.14346779344568367,0.3684210526315789,radio/TV,bad,7.204892510204673
820,0.1758241758241758,male,2,own,little,little,0.11149871435824366,0.21052631578947367,car,good,7.00488198971286
821,0.10989010989010989,male,2,own,little,rich,0.36240357686827496,0.21052631578947367,radio/TV,good,8.012018239159062
822,0.4835164835164835,male,2,own,little,little,0.322573248824907,0.8421052631578947,furniture/equipment,bad,7.905810312658931
823,0.6153846153846154,male,1,own,little,little,0.06302101246335512,0.10526315789473684,car,good,6.595780513961311
824,0.3516483516483517,male,3,own,little,little,0.4625034802404232,0.3684210526315789,furniture/equipment,good,8.237743803890933
825,0.24175824175824184,male,2,own,little,little,0.1771401431402414,0.4473684210526315,car,good,7.3796321526095525
826,0.30769230769230776,female,2,rent,little,little,0.48687335200379966,0.3684210526315789,car,bad,8.28576542051433
827,0.3736263736263737,male,2,own,little,little,0.5129464943742937,0.3684210526315789,business,bad,8.334711621820917
828,0.6153846153846154,male,2,free,little,little,1.0,0.8421052631578947,car,bad,8.972511390650263
829,0.4175824175824176,male,2,free,little,moderate,0.8425948672595359,0.9999999999999999,business,good,8.807172622916703
830,0.5494505494505495,male,2,own,quite rich,little,0.2784192338557788,0.5263157894736842,business,good,7.773173680482536
831,0.08791208791208799,female,2,rent,little,little,0.12656610819043876,0.3684210526315789,car,bad,7.104144092987527
832,0.21978021978021983,male,2,rent,little,little,1.0,0.9999999999999999,business,bad,8.972511390650263
833,0.5054945054945055,female,2,own,little,moderate,0.6333546242159224,0.5263157894736842,radio/TV,good,8.53405030848266
834,0.1318681318681319,female,1,own,little,rich,0.2721302346910366,0.2894736842105263,radio/TV,bad,7.752764808851328
835,0.6373626373626373,male,2,own,little,little,0.10900931885553317,0.21052631578947367,car,bad,6.9874902470009905
836,0.043956043956043966,female,2,own,little,little,0.08332923893283545,0.21052631578947367,radio/TV,good,6.787844982309579
837,0.08791208791208799,female,1,rent,little,little,0.04598830639217806,0.0,furniture/equipment,good,6.400257445308821
838,0.9670329670329672,male,2,own,little,little,0.35467334872827916,0.5263157894736842,car,good,7.992268643270745
839,0.5934065934065935,male,2,own,little,little,0.3093401464157618,0.5263157894736842,radio/TV,good,7.867871490396322
840,0.21978021978021983,male,2,own,little,little,0.6458016017294748,0.8421052631578947,furniture/equipment,bad,8.55256033525353
841,0.19780219780219782,male,1,own,little,little,0.359390098101836,0.4473684210526315,car,good,8.004365564979574
842,0.08791208791208799,female,2,own,little,little,0.22181824137309816,0.3684210526315789,repairs,bad,7.572502985020384
843,0.6813186813186813,male,2,own,little,little,0.17150624805515977,0.5263157894736842,business,good,7.352441100243583
844,0.6153846153846154,male,2,own,little,little,0.4155980281367202,0.3684210526315789,furniture/equipment,good,8.138272638530186
845,0.3516483516483517,male,2,own,little,moderate,0.4881835601631209,0.4473684210526315,furniture/equipment,good,8.28828304520769
846,1.0,male,2,rent,little,little,0.8530765325341064,0.3684210526315789,car,bad,8.819073983267831
847,0.19780219780219782,male,2,own,little,little,0.13088979511619908,0.5263157894736842,car,good,7.1308988302963465
848,0.8791208791208791,male,2,own,little,little,0.14595718894839418,0.13157894736842105,radio/TV,good,7.21890970761906
849,0.8351648351648351,male,1,own,little,little,0.06013855451284823,0.21052631578947367,radio/TV,bad,6.565264970035361
850,0.30769230769230776,male,2,rent,little,little,0.26007631962528044,0.42105263157894735,car,bad,7.71244383427499
851,0.5274725274725276,male,2,own,little,little,0.4968309340146416,0.5263157894736842,car,good,8.304742269640771
852,0.3516483516483517,male,2,free,little,little,0.15997641625313222,0.2894736842105263,radio/TV,good,7.294377299288821
853,0.28571428571428575,male,1,free,little,little,0.15617681259110042,0.3684210526315789,car,bad,7.274479558773871
854,0.5714285714285714,male,2,own,little,little,1.0,0.8421052631578947,car,good,8.972511390650263
855,0.30769230769230776,male,2,own,moderate,little,0.1603694787009286,0.5263157894736842,car,good,7.29641326877392
856,0.4615384615384616,female,2,own,little,little,0.0843774054602925,0.15789473684210525,education,good,6.796823718274855
857,0.19780219780219782,male,2,free,little,little,0.4052473836780819,0.2894736842105263,furniture/equipment,good,8.114922974204593
858,0.21978021978021983,female,2,own,little,little,0.48595620629227465,0.2894736842105263,car,bad,8.283999304248526
859,0.1538461538461539,male,2,rent,moderate,little,0.4359062546062006,0.13157894736842105,car,good,8.182559264068665
860,0.1758241758241758,male,2,own,rich,little,0.7276896116870568,0.5263157894736842,car,good,8.666474894131992
861,0.19780219780219782,male,2,own,little,little,0.25142894577375985,0.3684210526315789,business,bad,7.682482446534506
862,0.3516483516483517,female,2,own,little,little,0.28680456607543525,0.5263157894736842,radio/TV,bad,7.799753318287247
863,0.28571428571428575,male,1,own,rich,little,0.5602450089257931,0.6052631578947368,furniture/equipment,good,8.417814747435958
864,0.1318681318681319,male,1,rent,little,little,0.2568007992269772,0.15789473684210525,furniture/equipment,bad,7.701200180857446
865,0.02197802197802201,female,2,rent,quite rich,little,0.25824202820223063,0.2894736842105263,furniture/equipment,good,7.706162970199575
866,0.1758241758241758,female,2,own,little,little,0.28025352527882863,0.3684210526315789,radio/TV,good,7.779048644925556
867,0.5054945054945055,male,2,own,little,little,0.40367513388689624,0.21052631578947367,furniture/equipment,good,8.111328003286733
868,0.3956043956043957,male,2,own,little,little,0.9379780212581273,0.8421052631578947,business,good,8.910585718290132
869,0.10989010989010989,female,2,rent,little,little,0.05267036800471675,0.21052631578947367,furniture/equipment,good,6.481577129276431
870,0.4615384615384616,female,2,own,quite rich,little,0.9732226207438708,0.8421052631578947,furniture/equipment,good,8.946244609330543
871,0.5934065934065935,male,2,own,little,rich,0.14320575181381942,0.05263157894736842,car,good,7.203405521083095
872,0.1538461538461539,male,2,own,moderate,little,0.14831556363517254,0.5263157894736842,business,good,7.232010331664759
873,0.10989010989010989,female,2,own,little,little,0.08175698914164987,0.2894736842105263,domestic appliances,good,6.774223886357614
874,0.21978021978021983,male,1,own,little,little,0.4376095252133183,0.21052631578947367,furniture/equipment,good,8.186185994226083
875,0.4615384615384616,female,2,own,rich,moderate,0.14045431467924466,0.1842105263157895,car,good,7.187657164114956
876,0.3736263736263737,male,3,free,little,little,0.22142517892530175,0.3684210526315789,radio/TV,good,7.57095858316901
877,0.19780219780219782,male,2,own,little,little,0.43826462929297894,0.8421052631578947,radio/TV,good,8.18757739559151
878,0.1758241758241758,male,3,free,little,little,0.1535563962724578,0.13157894736842105,car,bad,7.260522598089852
879,0.3736263736263737,male,2,own,little,little,0.8505871370313959,0.6842105263157895,radio/TV,good,8.816260208734581
880,0.4175824175824176,male,3,own,little,little,0.9910414517106405,0.5263157894736842,car,good,8.963800242855577
881,0.6373626373626373,male,2,free,little,little,1.0,0.5263157894736842,car,good,8.972511390650263
882,0.3736263736263737,male,2,own,little,moderate,0.2530011955649454,0.6842105263157895,car,good,7.687997166393016
883,1.0,female,0,own,little,little,0.11110565191044727,0.3684210526315789,radio/TV,good,7.002155954403621
884,0.5274725274725276,male,2,own,little,moderate,0.4987962462536235,0.5263157894736842,furniture/equipment,bad,8.30844552038576
885,0.7472527472527473,female,2,own,little,little,0.0714063446830115,0.21052631578947367,education,bad,6.679599185844383
886,0.32967032967032966,male,2,own,little,moderate,0.33737860102523787,0.5263157894736842,business,good,7.946617563244473
887,0.08791208791208799,male,2,own,little,moderate,1.0,0.9999999999999999,business,bad,8.972511390650263
888,0.32967032967032966,male,3,own,little,little,0.8338164725920831,0.8421052631578947,car,good,8.797095076549056
889,0.4615384615384616,male,2,rent,little,little,0.9923516598699618,0.631578947368421,car,good,8.965079015408355
890,0.5274725274725276,male,3,own,little,little,0.2871976285232316,0.6052631578947368,business,good,7.8009820712577405
891,0.5934065934065935,male,2,own,little,little,0.2068818683568352,0.2894736842105263,radio/TV,good,7.512071245835466
892,0.4175824175824176,male,1,own,little,little,0.251690987405624,0.21052631578947367,car,good,7.683403681053826
893,0.32967032967032966,male,2,own,little,moderate,0.7271655284233283,0.8421052631578947,car,good,8.665785595466064
894,0.21978021978021983,male,2,own,little,little,0.12040812984162858,0.3684210526315789,radio/TV,good,7.064759027791802
895,0.26373626373626374,male,3,own,little,little,1.0,0.8421052631578947,car,good,8.972511390650263
896,0.19780219780219782,female,3,rent,little,little,0.30868504233610117,0.4473684210526315,radio/TV,good,7.865955413933502
897,0.3516483516483517,female,2,own,rich,little,0.1758299349809201,0.21052631578947367,furniture/equipment,good,7.373374309910049
898,0.30769230769230776,female,1,rent,little,little,0.253656299644606,0.2894736842105263,furniture/equipment,good,7.690286020676768
899,0.5054945054945055,male,2,own,little,little,0.5113742445831082,0.3684210526315789,furniture/equipment,bad,8.331827004436057
900,0.5274725274725276,male,2,rent,little,little,0.3111744378388116,0.3157894736842105,car,bad,7.873217054862741
901,0.5494505494505495,male,2,own,little,little,0.42385233954044443,0.42105263157894735,car,good,8.156510226079966
902,0.5054945054945055,male,2,free,little,little,1.0,0.8421052631578947,car,good,8.972511390650263
903,0.4615384615384616,male,2,rent,little,little,0.14883964689890106,0.2894736842105263,radio/TV,good,7.234898420314831
904,0.3736263736263737,male,3,own,little,little,0.13468939877823088,0.5263157894736842,radio/TV,good,7.153833801578843
905,0.02197802197802201,male,3,rent,little,little,0.11228483925383645,0.21052631578947367,radio/TV,good,7.010311867307229
906,0.10989010989010989,male,1,own,little,little,0.46027612636957693,0.4473684210526315,car,good,8.23323750070527
907,0.1758241758241758,male,2,own,little,moderate,0.45346304394110615,0.8421052631578947,education,good,8.21932609390609
908,0.5934065934065935,female,1,own,little,little,0.43813360847704674,0.2894736842105263,car,good,8.187299270155147
909,0.30769230769230776,female,1,own,little,moderate,0.3858563029201264,0.13157894736842105,car,good,8.069655306886165
910,0.32967032967032966,female,2,own,little,little,0.5508115101786797,0.8421052631578947,radio/TV,good,8.40178233990491
911,0.1318681318681319,female,1,own,little,moderate,0.5877593802715406,0.5263157894736842,furniture/equipment,bad,8.463159302923751
912,0.1318681318681319,female,2,own,little,moderate,0.3591280564699717,0.6842105263157895,radio/TV,good,8.003697339094368
913,0.19780219780219782,male,2,own,rich,little,0.24789138374359224,0.1842105263157895,business,good,7.669961995473577
914,0.26373626373626374,male,2,rent,little,little,0.38140159517843397,0.5263157894736842,business,bad,8.058960017769417
915,0.28571428571428575,female,3,own,little,moderate,1.0,0.9999999999999999,vacation/others,bad,8.972511390650263
916,0.28571428571428575,male,2,own,moderate,little,0.34039207979167685,0.15789473684210525,car,good,7.954723334497908
917,1.0,male,3,own,little,little,1.0,0.05263157894736842,car,bad,8.972511390650263
918,0.30769230769230776,male,2,own,moderate,little,0.27632290080086475,0.5263157894736842,furniture/equipment,bad,7.7664168980196555
919,0.4395604395604396,male,3,rent,little,little,0.40550942530994616,0.5263157894736842,furniture/equipment,bad,8.11552088154677
920,0.19780219780219782,female,2,own,little,little,0.2053096185656496,0.3684210526315789,furniture/equipment,good,7.505492274737424
921,0.3956043956043957,male,3,own,quite rich,little,1.0,0.9999999999999999,radio/TV,good,8.972511390650263
922,0.06593406593406598,female,2,rent,little,little,0.14621923058025843,0.13157894736842105,radio/TV,bad,7.220373836723949
923,0.24175824175824184,male,2,rent,little,moderate,0.2295484695130939,0.21052631578947367,car,good,7.602401335665818
924,0.7912087912087913,male,2,own,little,little,0.8676198431025729,0.5263157894736842,furniture/equipment,bad,8.835355971121604
925,0.5934065934065935,male,2,own,little,little,0.058566304721662646,0.21052631578947367,car,bad,6.548219102762372
926,0.043956043956043966,female,2,rent,little,little,0.10468563192977284,0.3684210526315789,furniture/equipment,good,6.956545443151569
927,0.4395604395604396,male,2,free,little,little,1.0,0.9999999999999999,car,bad,8.972511390650263
928,0.8571428571428572,male,2,own,little,little,0.21186065936225618,0.6842105263157895,radio/TV,good,7.532623618788788
929,0.5274725274725276,male,1,own,little,little,0.14333677262975156,0.21052631578947367,car,good,7.20414929203594
930,0.10989010989010989,male,1,own,little,little,0.19613816145040042,0.5263157894736842,furniture/equipment,good,7.466227556215481
931,0.06593406593406598,female,2,own,little,moderate,0.18604955862362632,0.13157894736842105,radio/TV,bad,7.421177528595393
932,0.24175824175824184,male,2,own,little,little,0.1276142747178958,0.13157894736842105,car,good,7.110696122978827
933,0.5054945054945055,male,2,own,quite rich,little,0.03563766193353969,0.21052631578947367,radio/TV,good,6.259581464064923
934,0.08791208791208799,female,2,own,little,little,0.16351397828329975,0.21052631578947367,radio/TV,good,7.312553498102598
935,0.24175824175824184,male,3,own,moderate,moderate,0.218673741790727,0.6842105263157895,radio/TV,bad,7.560080465021827
936,0.19780219780219782,female,1,own,little,rich,0.06485530388640495,0.13157894736842105,radio/TV,bad,6.61472560020376
937,0.24175824175824184,male,3,rent,little,moderate,0.23754073928495387,0.05263157894736842,radio/TV,good,7.6324011266014535
938,0.5054945054945055,male,2,free,little,moderate,0.7911036865982083,0.9999999999999999,education,bad,8.746557354543503
939,0.5934065934065935,male,3,own,little,little,0.863689218624609,0.5263157894736842,car,good,8.830981510952498
940,0.5714285714285714,male,3,own,little,little,0.42935521380959396,0.21052631578947367,car,good,8.168486417126681
941,0.26373626373626374,male,1,own,little,little,0.16980297744804204,0.15789473684210525,car,good,7.344072850573066
942,0.26373626373626374,male,2,own,little,little,0.0889631340179171,0.5263157894736842,furniture/equipment,good,6.835184586147301
943,0.5054945054945055,male,1,own,little,little,0.1578800831982181,0.0,car,good,7.283448228756631
944,0.5934065934065935,female,2,rent,little,little,0.20897820141174928,0.2894736842105263,furniture/equipment,good,7.520776415062797
945,0.24175824175824184,female,2,own,quite rich,moderate,1.0,0.9999999999999999,car,good,8.972511390650263
946,0.24175824175824184,male,2,free,quite rich,little,0.4060335085736746,0.5263157894736842,furniture/equipment,bad,8.116715624819111
947,0.4175824175824176,male,3,own,little,little,0.3418333087669303,0.21052631578947367,car,good,7.958576903813898
948,0.5274725274725276,male,1,own,little,little,0.16809970684092435,0.3684210526315789,furniture/equipment,bad,7.335633981927201
949,0.26373626373626374,male,2,own,moderate,little,0.4416711705072143,0.5263157894736842,radio/TV,bad,8.19478163844336
950,0.4615384615384616,male,0,own,little,moderate,0.4376095252133183,0.3684210526315789,business,good,8.186185994226083
951,0.10989010989010989,male,2,own,little,little,0.24828444619138865,0.8421052631578947,business,bad,7.671360923190644
952,0.19780219780219782,female,2,rent,quite rich,moderate,0.506133411945823,0.5263157894736842,car,bad,8.322151070212902
953,0.1538461538461539,female,3,own,little,little,1.0,0.8421052631578947,furniture/equipment,bad,8.972511390650263
954,0.21978021978021983,female,2,own,little,little,0.2152672005764916,0.21052631578947367,car,good,7.546446273746024
955,0.8351648351648351,female,3,rent,rich,little,0.12853142042942073,0.5263157894736842,radio/TV,good,7.116394144093465
956,0.6593406593406594,male,1,own,little,rich,0.4462568990648389,0.6842105263157895,radio/TV,good,8.204398418149381
957,0.3956043956043957,male,1,own,little,moderate,0.1184428176026466,0.13157894736842105,radio/TV,good,7.051855622955894
958,0.5714285714285714,male,1,own,little,little,0.4921141846410849,0.631578947368421,car,bad,8.295798110636145
959,0.24175824175824184,male,2,free,moderate,moderate,0.36934768011267793,0.5263157894736842,furniture/equipment,good,8.029432840581244
960,0.24175824175824184,male,2,rent,little,little,0.19522101573887551,0.05263157894736842,radio/TV,good,7.462214939768189
961,0.6153846153846154,male,2,own,little,moderate,0.2755367759052719,0.4473684210526315,car,good,7.763871287820222
962,0.21978021978021983,male,2,own,little,little,0.43315481747162576,0.2894736842105263,car,good,8.176672771948455
963,0.3516483516483517,male,2,own,quite rich,little,0.2813016918062857,0.5263157894736842,radio/TV,bad,7.7823903355874595
964,0.06593406593406598,male,1,own,little,moderate,0.026728246450154765,0.05263157894736842,repairs,good,6.12029741895095
965,0.1538461538461539,female,2,own,little,moderate,0.19194549534057223,0.6842105263157895,radio/TV,good,7.447751280047908
966,0.08791208791208799,male,1,own,quite rich,moderate,0.29741725216593784,0.6052631578947368,radio/TV,bad,7.83241092718792
967,0.7692307692307692,female,3,rent,little,little,0.4347270672628114,0.2894736842105263,radio/TV,good,8.18004072349016
968,0.21978021978021983,male,2,rent,little,little,0.9061399629866195,0.9999999999999999,radio/TV,good,8.877242435993919
969,0.4615384615384616,male,1,own,little,little,0.48333578997363214,0.1842105263157895,car,good,8.27893600229198
970,0.06593406593406598,male,2,own,moderate,moderate,0.16561031133821386,0.2894736842105263,repairs,good,7.323170717943469
971,0.5274725274725276,male,1,own,little,little,0.9358816882032133,0.5263157894736842,car,good,8.908424139496578
972,0.21978021978021983,female,0,rent,little,little,0.12355262942399975,0.5263157894736842,car,bad,7.085064293952548
973,0.3736263736263737,male,2,rent,little,little,0.9233036898737287,0.9999999999999999,business,bad,8.895355616996392
974,0.30769230769230776,female,2,own,little,little,0.3381647259208307,0.6842105263157895,radio/TV,good,7.94873845481361
975,0.8351648351648351,female,1,own,quite rich,rich,0.13206898245958826,0.5263157894736842,radio/TV,good,7.138073034044347
976,0.989010989010989,female,2,own,little,moderate,0.065903470413862,0.05263157894736842,radio/TV,good,6.625392368007956
977,0.5054945054945055,male,2,own,little,moderate,0.2852323162842496,0.3684210526315789,business,good,7.794823152179389
978,0.6153846153846154,male,1,own,little,little,0.2997756268527162,0.5263157894736842,car,bad,7.839525581704678
979,0.1318681318681319,male,2,rent,moderate,moderate,0.13285510735518105,0.2894736842105263,car,bad,7.142827401161621
980,0.6593406593406594,male,2,own,little,moderate,1.0,0.6842105263157895,furniture/equipment,bad,8.972511390650263
981,0.30769230769230776,male,3,rent,little,little,0.6019096283922108,0.9999999999999999,business,bad,8.485702524324866
982,0.19780219780219782,female,3,own,moderate,rich,0.3502186409865867,0.4473684210526315,car,good,7.980707820869669
983,0.1538461538461539,male,2,own,little,little,1.0,0.8421052631578947,car,bad,8.972511390650263
984,0.24175824175824184,male,1,own,little,little,0.2329550107273293,0.5263157894736842,furniture/equipment,good,7.615298339825815
985,0.1318681318681319,female,2,rent,little,little,0.15499762524771124,0.2894736842105263,furniture/equipment,good,7.2682230211595655
986,0.30769230769230776,male,2,own,little,rich,0.7912347074141405,0.9999999999999999,business,good,8.746716349694486
987,0.989010989010989,female,2,own,moderate,little,0.15185312566534007,0.23684210526315785,radio/TV,good,7.251344983372214
988,0.21978021978021983,male,3,free,little,little,0.8292307440344585,0.5263157894736842,car,good,8.791790024319363
989,0.6373626373626373,male,1,own,little,moderate,0.1956140781866719,0.5263157894736842,radio/TV,good,7.463936604468925
990,0.3956043956043957,male,1,own,little,little,0.43433400481501494,0.21052631578947367,education,good,8.179199798423086
991,0.32967032967032966,male,1,own,moderate,little,0.17281645621448108,0.2894736842105263,radio/TV,good,7.358830898342354
992,0.08791208791208799,male,1,rent,little,little,0.2209010956615732,0.3684210526315789,radio/TV,good,7.5688956634069955
993,0.24175824175824184,male,3,own,little,little,0.48595620629227465,0.8421052631578947,furniture/equipment,good,8.283999304248526
994,0.6813186813186813,male,2,own,little,little,0.2803845460947608,0.21052631578947367,car,good,7.779466967458324
995,0.26373626373626374,female,1,own,little,little,0.194696932475147,0.21052631578947367,furniture/equipment,good,7.459914766241105
996,0.4615384615384616,male,3,own,little,little,0.47259208306719735,0.6842105263157895,car,good,8.257904193465674
997,0.4175824175824176,male,2,own,little,little,0.0725855320264007,0.21052631578947367,radio/TV,good,6.690842277418564
998,0.08791208791208799,male,2,free,little,little,0.20897820141174928,0.9999999999999999,radio/TV,bad,7.520776415062797
999,0.1758241758241758,male,2,own,moderate,moderate,0.5667960497223997,0.9999999999999999,car,good,8.428799040653642
